{
	"type": "origins:action_over_time",
	"entity_action":
	{
		"type": "origins:set_on_fire",
		"duration": 5
	},
	"interval": 999,
	"condition":
	{
		"type": "origins:and",
		"conditions":
		[
			{
				"type": "origins:fluid_height",
				"fluid": "minecraft:water",
				"comparison": ">",
				"compare_to": 0.0,
				"inverted": true
			},
			{
				"type": "origins:in_rain",
				"inverted": true
			},
			{
  			"type":"origins:biome",
   	 		"condition":
			{
    	 		"type":"origins:temperature",
     	 		"comparison":">=",
     	 		"compare_to": 1.9
			}
			}
		]
	},
	"name": "Boiling",
	"description": "You boil in the hot becuase overheating is not the best for you."
}
