{
    "type": "origins:stacking_status_effect",
    "min_stacks": -20,
    "max_stacks": 361,
    "duration_per_stack": 10,
    "effects": [
        {
            "effect": "minecraft:strength",
			"amplifier": 0.4,
            "is_ambient": true,
            "show_particles": false,
            "show_icon": false
        },
        {
            "effect": "minecraft:slowness",
            "amplifier": 1,
			"is_ambient": true,
            "show_particles": false,
            "show_icon": false
        }
    ],
	"name": "Heavy",
	"description": "Due to your iron skin, You are heavy strong and slow"
}