{
	"type": "origins:fire_projectile",
	"entity_type": "minecraft:arrow",
	"cooldown": 30,
	"count": 3,
	"speed": 5,
	"divergence": 1,
	"sound": "entity.generic.explode",
	"tag": "{pickup:0b, CustomPoitonEffects:[{Id:19,Duration:60,Amplifier:0b}]}",
	"key": {
		"key": "key.origins.primary_active",
		"continuous": false
	},
	"hud_render": {
        "should_render": true,
        "sprite_location": "origins:textures/gui/resource_bar.png",
		"bar_index": 2
	},
	"name":"Laser",
	"description": "Shoot a laser that withers people."
}