{
	"powers": [
		"loki:credits",
		"loki:casting",
		"loki:artist",
		"loki:dagger",
		"loki:undying",
		"loki:escapist",
		"loki:god",
		"loki:price",
		"loki:thunder",
		"loki:invisible",
		"loki:invisible2",
		"loki:invisible4",
		"loki:invisible6",
		"loki:gain",
		"loki:gold_apple",
		"loki:resource"
	],
	"order": 10,
	"impact": 3,
	"name": "Trickster",
	"description": "As a descendant of Loki you have the strength of a demigod, and you have a few tricks up your sleeve",
	"icon": "minecraft:gold_block"
}