{
  "type": "origins:target_action_on_hit",
  "cooldown": 600,
  "hud_render": {
    "should_render": true,
    "bar_index": 2
  },
  "entity_action": {
    "type": "origins:and",
    "actions": [
      {
        "type": "origins:damage",
        "amount": 14,
        "source": {
          "name": "lightningBolt",
          "bypasses_armor": true
        }
      },
      {
        "type": "origins:spawn_entity",
        "entity_type": "minecraft:lightning_bolt"
      },
      {
        "type": "origins:execute_command",
        "command": "particle minecraft:enchanted_hit ~ ~1 ~ 0.2 0.2 0.2 3 400 normal",
        "permission_level": 4
      },
      {
        "type": "origins:delay",
        "ticks": 8,
        "action": {
            "type": "origins:execute_command",
            "command": "fill ~2 ~2 ~2 ~-2 ~-2 ~-2 air replace fire",
            "permission_level": 4
        }
      }
    ]
  },
  "hidden": true
}