{
    "hidden": true,
	"type": "origins:multiple",
	"phasing": {
    "type": "origins:action_over_time",
    "entity_action": {
        "type": "origins:change_resource",
        "resource": "zadori:comp/comp",
        "change": 1
    },
    "interval": 1,
    "condition": {
        "type": "origins:and",
        "conditions": [{
                "type": "origins:resource",
                "resource": "zadori:comp/comp",
                "comparison": "<=",
                "compare_to": 600
            },
            {
                "type": "origins:power_active",
                "power": "zadori:on"
            }
        ]
    }
},
"debuff22": {
    "type": "origins:stacking_status_effect",
    "min_stacks": 0,
    "max_stacks": 1,
    "duration_per_stack": 15,
    "effects": [
        {
            "effect": "minecraft:blindness",
            "is_ambient": true,
            "show_particles": false,
            "show_icon": false,
            "amplifier": 4
        },
        {
            "effect": "minecraft:slowness",
            "is_ambient": true,
            "show_particles": false,
            "show_icon": false,
            "amplifier": 4
        },
        {
            "effect": "minecraft:weakness",
            "is_ambient": true,
            "show_particles": false,
            "show_icon": false,
            "amplifier": 4
        }
    ],
    "condition": {
                "type": "origins:resource",
                "resource": "zadori:comp/debuffs",
                "comparison": "==",
                "compare_to": 1
            }
},
"debuff21": {
    "type": "origins:action_over_time",
    "entity_action": {
        "type": "origins:and",
        "actions": [{
                "type": "origins:delay",
                "ticks": 3,
                "action": {
                    "type": "origins:change_resource",
                    "resource": "zadori:comp/comp",
                    "change": -600
                }
            },
            {
                "type": "origins:delay",
                "ticks": 1,
                "action": {
                    "type": "origins:change_resource",
                    "resource": "zadori:comp/debuffs",
                    "change": 1
                }
            },
            {
                "type": "origins:delay",
                "ticks": 1,
                "action": {
                    "type": "origins:execute_command",
                    "command": "particle minecraft:dust 0 0 0 1.5 ~ ~1 ~ 0.65 0.55 0.65 1 300",
                    "permission_level": 4
                }
            },
            {
                "type": "origins:delay",
                "ticks": 6000,
                "action": {
                    "type": "origins:change_resource",
                    "resource": "zadori:comp/debuffs",
                    "change": 0
                }
            },
            {
                "type": "origins:delay",
                "ticks": 6001,
                "action": {
                    "type": "origins:execute_command",
                    "command": "effect clear @s slowness",
                    "permission_level": 4
                }
            },
            {
                "type": "origins:delay",
                "ticks": 6001,
                "action": {
                    "type": "origins:execute_command",
                    "command": "effect clear @s blindness",
                    "permission_level": 4
                }
            },
            {
                "type": "origins:delay",
                "ticks": 6001,
                "action": {
                    "type": "origins:execute_command",
                    "command": "effect clear @s weakness",
                    "permission_level": 4
                }
            }

        ]
    },
    "interval": 20,
    "condition": {
        "type": "origins:resource",
        "resource": "zadori:comp/comp",
        "comparison": "==",
        "compare_to": 600
    }
}
}
