{
    "hidden": true,
    "type": "origins:action_over_time",
    "entity_action": {
        "type": "origins:change_resource",
        "resource": "zadori:comp/comp",
        "change": -1
    },
    "interval": 2,
    "condition": {
        "type": "origins:and",
        "conditions": [
            {
                "type": "origins:power_active",
                "power": "zadori:on",
                "inverted": true
            },
            {
        "type": "origins:resource",
        "resource": "zadori:comp/comp",
        "comparison": "<",
        "compare_to": 600
    },
            {
    "type": "origins:status_effect",
    "effect": "minecraft:slow_falling",
    "min_amplifier": 5,
    "max_amplifier": 5,
    "inverted": true
},
{
        "type": "origins:resource",
        "resource": "zadori:comp/bar1",
        "comparison": "==",
        "compare_to": 1,
        "inverted": true
    }
        ]
    }
}