{
    "name": "Compression",
    "description": "Using your abilities makes you more and more compressed(this is shown in a bar). If this reaches max, you get really weakned for 5 minutes straight!!",
    "type": "origins:resource",
    "min": 0,
    "max": 600,
    "hud_render": {
        "should_render": true,
        "sprite_location": "origins:textures/gui/community/spiderkolo/resource_bar_02.png",
        "bar_index": 0,
        "condition": {
    "type": "origins:resource",
    "resource": "zadori:comp/comp",
    "comparison": ">",
    "compare_to": 0
}
    }
}