{
  "type": "crafting_shaped",
  "pattern": [
    "#XO",
    "@+@",
    "-%-"
  ],
  "key": {
    "#": {
      "item": "minecraft:orange_stained_glass_pane"
    },
    "X": {
      "item": "minecraft:white_concrete"
    },
    "O": {
      "item": "minecraft:daylight_detector"
    },
    "@": {
      "item": "minecraft:orange_concrete"
    },
    "+": {
      "item": "minecraft:white_wool"
    },
    "-": {
      "item": "minecraft:black_concrete"
    },
    "%": {
      "item": "minecraft:iron_block"
    }
  },
  "result": {
    "item": "minecraft:knowledge_book",
    "tag": "{Recipes:[]}"
  }
}