{
  "type": "origins:multiple",
  "slowness_when_attacked": {
    "type": "origins:self_action_when_hit",
    "entity_action": {
      "type": "origins:apply_effect",
      "effect": {
        "effect": "minecraft:slowness",
        "duration": 10,
        "amplifier": 3,
        "show_icon": false,
        "show_particles": false    
      }
    },
    "damage_condition": {
      "type": "origins:attacker"
    },
    "cooldown": 20
  },
  "no_shield": {
    "type": "origins:prevent_item_use",
    "item_condition": {
      "type": "origins:ingredient",
      "ingredient": {
        "tag": "origins:shields"
      }
    }
  },
  "hidden": true
}