{
  "type": "origins:multiple",
  "scale_overtime": {
    "type": "origins:action_over_time",
    "entity_action": {
      "type": "origins:execute_command",
      "command": "function filcher:filcher_scale",
      "permission_level": 4
    },
    "interval": 250
  },
  "scale_callback": {
    "type": "origins:action_on_callback",
    "entity_action_added": {
      "type": "origins:execute_command",
      "command": "function filcher:filcher_scale",
      "permission_level": 4
    },
    "entity_action_respawned": {
      "type": "origins:execute_command",
      "command": "function filcher:filcher_scale",
      "permission_level": 4
    },
    "entity_action_chosen": {
      "type": "origins:execute_command",
      "command": "function filcher:filcher_scale",
      "permission_level": 4
    }
  },
  "hidden": true
}