{
    "hidden": true,
	"type": "origins:multiple",
    "ice0": {
    "type": "origins:active_self",
    "cooldown": 140,
    "hud_render": {
        "should_render": false,
        "sprite_location": "origins:textures/gui/community/spiderkolo/resource_bar_01.png",
        "bar_index": 4
    },
    "condition": {
        "type": "origins:and",
        "conditions": [{
                "type": "origins:equipped_item",
                "equipment_slot": "mainhand",
                "item_condition": {
                    "type": "origins:ingredient",
                    "ingredient": {
                        "item": "minecraft:ice"
                    }
                }
            },
            {
                "type": "origins:resource",
                "resource": "*:fire/fire_bar",
                "comparison": ">",
                "compare_to": 0
            },
            {
                "type": "origins:resource",
                "resource": "*:fire/fire_bar",
                "comparison": "<",
                "compare_to": 80
            },
            {
    "type": "origins:resource",
    "resource": "zadori:ice/ice_cooldown",
    "comparison": "==",
    "compare_to": 0
}
        ]
    },
    "entity_action": {
        "type": "origins:and",
        "actions": [{
                "type": "origins:execute_command",
                "command": "clear @s ice 1"
            },
            {
                "type": "origins:execute_command",
                "command": "playsound minecraft:block.end_portal_frame.fill master @s ~ ~ ~ 10 2"
            },
            {
                "type": "origins:execute_command",
                "command": "resource set @s zadori:fire/fire_bar 0"
            },
            {
                "type": "origins:change_resource",
                "resource": "zadori:ice/ice_cooldown",
                "change": 140
            }
        ]
    },
    "key": {
        "key": "key.use"
    }
},
	"ice1": {
    "type": "origins:active_self",
    "cooldown": 140,
    "hud_render": {
        "should_render": false,
        "sprite_location": "origins:textures/gui/community/spiderkolo/resource_bar_01.png",
        "bar_index": 4
    },
    "condition": {
        "type": "origins:and",
        "conditions": [{
                "type": "origins:equipped_item",
                "equipment_slot": "mainhand",
                "item_condition": {
                    "type": "origins:ingredient",
                    "ingredient": {
                        "item": "minecraft:ice"
                    }
                }
            },
            {
                "type": "origins:resource",
                "resource": "*:fire/fire_bar",
                "comparison": ">",
                "compare_to": 80
            },
            {
                "type": "origins:resource",
                "resource": "*:fire/fire_bar",
                "comparison": "<",
                "compare_to": 160
            },
            {
    "type": "origins:resource",
    "resource": "zadori:ice/ice_cooldown",
    "comparison": "==",
    "compare_to": 0
}
        ]
    },
    "entity_action": {
        "type": "origins:and",
        "actions": [{
                "type": "origins:execute_command",
                "command": "clear @s ice 1"
            },
            {
                "type": "origins:execute_command",
                "command": "playsound minecraft:block.end_portal_frame.fill master @s ~ ~ ~ 10 2"
            },
            {
                "type": "origins:execute_command",
                "command": "resource set @s zadori:fire/fire_bar 80"
            },
            {
                "type": "origins:change_resource",
                "resource": "zadori:ice/ice_cooldown",
                "change": 140
            }
        ]
    },
    "key": {
        "key": "key.use"
    }
},
"ice2": {
    "type": "origins:active_self",
    "cooldown": 140,
    "hud_render": {
        "should_render": false,
        "sprite_location": "origins:textures/gui/community/spiderkolo/resource_bar_01.png",
        "bar_index": 4
    },
    "condition": {
        "type": "origins:and",
        "conditions": [{
                "type": "origins:equipped_item",
                "equipment_slot": "mainhand",
                "item_condition": {
                    "type": "origins:ingredient",
                    "ingredient": {
                        "item": "minecraft:ice"
                    }
                }
            },
            {
                "type": "origins:resource",
                "resource": "*:fire/fire_bar",
                "comparison": ">",
                "compare_to": 160
            },
            {
                "type": "origins:resource",
                "resource": "*:fire/fire_bar",
                "comparison": "<",
                "compare_to": 240
            },
            {
    "type": "origins:resource",
    "resource": "zadori:ice/ice_cooldown",
    "comparison": "==",
    "compare_to": 0
}
        ]
    },
    "entity_action": {
        "type": "origins:and",
        "actions": [{
                "type": "origins:execute_command",
                "command": "clear @s ice 1"
            },
            {
                "type": "origins:execute_command",
                "command": "playsound minecraft:block.end_portal_frame.fill master @s ~ ~ ~ 10 2"
            },
            {
                "type": "origins:execute_command",
                "command": "resource set @s zadori:fire/fire_bar 160"
            },
            {
                "type": "origins:change_resource",
                "resource": "zadori:ice/ice_cooldown",
                "change": 140
            }
        ]
    },
    "key": {
        "key": "key.use"
    }
},
"ice3": {
    "type": "origins:active_self",
    "cooldown": 140,
    "hud_render": {
        "should_render": false,
        "sprite_location": "origins:textures/gui/community/spiderkolo/resource_bar_01.png",
        "bar_index": 4
    },
    "condition": {
        "type": "origins:and",
        "conditions": [{
                "type": "origins:equipped_item",
                "equipment_slot": "mainhand",
                "item_condition": {
                    "type": "origins:ingredient",
                    "ingredient": {
                        "item": "minecraft:ice"
                    }
                }
            },
            {
                "type": "origins:resource",
                "resource": "*:fire/fire_bar",
                "comparison": ">",
                "compare_to": 240
            },
            {
                "type": "origins:resource",
                "resource": "*:fire/fire_bar",
                "comparison": "<",
                "compare_to": 320
            },
            {
    "type": "origins:resource",
    "resource": "zadori:ice/ice_cooldown",
    "comparison": "==",
    "compare_to": 0
}
        ]
    },
    "entity_action": {
        "type": "origins:and",
        "actions": [{
                "type": "origins:execute_command",
                "command": "clear @s ice 1"
            },
            {
                "type": "origins:execute_command",
                "command": "playsound minecraft:block.end_portal_frame.fill master @s ~ ~ ~ 10 2"
            },
            {
                "type": "origins:execute_command",
                "command": "resource set @s zadori:fire/fire_bar 240"
            },
            {
                "type": "origins:change_resource",
                "resource": "zadori:ice/ice_cooldown",
                "change": 140
            }
        ]
    },
    "key": {
        "key": "key.use"
    }
},
"ice4": {
    "type": "origins:active_self",
    "cooldown": 140,
    "hud_render": {
        "should_render": false,
        "sprite_location": "origins:textures/gui/community/spiderkolo/resource_bar_01.png",
        "bar_index": 4
    },
    "condition": {
        "type": "origins:and",
        "conditions": [{
                "type": "origins:equipped_item",
                "equipment_slot": "mainhand",
                "item_condition": {
                    "type": "origins:ingredient",
                    "ingredient": {
                        "item": "minecraft:ice"
                    }
                }
            },
            {
                "type": "origins:resource",
                "resource": "*:fire/fire_bar",
                "comparison": ">",
                "compare_to": 320
            },
            {
                "type": "origins:resource",
                "resource": "*:fire/fire_bar",
                "comparison": "<",
                "compare_to": 400
            },
            {
    "type": "origins:resource",
    "resource": "zadori:ice/ice_cooldown",
    "comparison": "==",
    "compare_to": 0
}
        ]
    },
    "entity_action": {
        "type": "origins:and",
        "actions": [{
                "type": "origins:execute_command",
                "command": "clear @s ice 1"
            },
            {
                "type": "origins:execute_command",
                "command": "playsound minecraft:block.end_portal_frame.fill master @s ~ ~ ~ 10 2"
            },
            {
                "type": "origins:execute_command",
                "command": "resource set @s zadori:fire/fire_bar 320"
            },
            {
                "type": "origins:change_resource",
                "resource": "zadori:ice/ice_cooldown",
                "change": 140
            }
        ]
    },
    "key": {
        "key": "key.use"
    }
}
}