{
	"name": "Pocket Dimension",
	"description": "Swap your inventory items with your ender chest items by using X.",
	
	"type": "origins:multiple",
	
	"3_way_swap": {
		"type": "origins:active_self",
		"cooldown": 20,
		"hud_render": {
			"should_render": true,
			"bar_index": 6
		},
		"key": {
			"key": "key.loadToolbarActivator"
		},
		"entity_action": {
			"type": "origins:and",
			"actions": [
				{
					"type": "origins:execute_command",
					"command": "summon minecraft:chest_minecart ~ ~-1.1 ~ {Invulnerable:1,NoGravity:1,Silent:1,Tags:[SwapInv]}",
					"permission_level": 2
				},
				{
					"type": "origins:execute_command",
					"command": "data modify entity @e[type=minecraft:chest_minecart,tag=SwapInv,distance=..5,sort=nearest,limit=1] Items set from entity @s EnderItems",
					"permission_level": 2
				},
				{
					"type": "origins:execute_command",
					"command": "item replace entity @s enderchest.0 from entity @s inventory.0",
					"permission_level": 2
				},
				{
					"type": "origins:execute_command",
					"command": "item replace entity @s enderchest.1 from entity @s inventory.1",
					"permission_level": 2
				},
				{
					"type": "origins:execute_command",
					"command": "item replace entity @s enderchest.2 from entity @s inventory.2",
					"permission_level": 2
				},
				{
					"type": "origins:execute_command",
					"command": "item replace entity @s enderchest.3 from entity @s inventory.3",
					"permission_level": 2
				},
				{
					"type": "origins:execute_command",
					"command": "item replace entity @s enderchest.4 from entity @s inventory.4",
					"permission_level": 2
				},
				{
					"type": "origins:execute_command",
					"command": "item replace entity @s enderchest.5 from entity @s inventory.5",
					"permission_level": 2
				},
				{
					"type": "origins:execute_command",
					"command": "item replace entity @s enderchest.6 from entity @s inventory.6",
					"permission_level": 2
				},
				{
					"type": "origins:execute_command",
					"command": "item replace entity @s enderchest.7 from entity @s inventory.7",
					"permission_level": 2
				},
				{
					"type": "origins:execute_command",
					"command": "item replace entity @s enderchest.8 from entity @s inventory.8",
					"permission_level": 2
				},
				{
					"type": "origins:execute_command",
					"command": "item replace entity @s enderchest.9 from entity @s inventory.9",
					"permission_level": 2
				},
				{
					"type": "origins:execute_command",
					"command": "item replace entity @s enderchest.10 from entity @s inventory.10",
					"permission_level": 2
				},
				{
					"type": "origins:execute_command",
					"command": "item replace entity @s enderchest.11 from entity @s inventory.11",
					"permission_level": 2
				},
				{
					"type": "origins:execute_command",
					"command": "item replace entity @s enderchest.12 from entity @s inventory.12",
					"permission_level": 2
				},
				{
					"type": "origins:execute_command",
					"command": "item replace entity @s enderchest.13 from entity @s inventory.13",
					"permission_level": 2
				},
				{
					"type": "origins:execute_command",
					"command": "item replace entity @s enderchest.14 from entity @s inventory.14",
					"permission_level": 2
				},
				{
					"type": "origins:execute_command",
					"command": "item replace entity @s enderchest.15 from entity @s inventory.15",
					"permission_level": 2
				},
				{
					"type": "origins:execute_command",
					"command": "item replace entity @s enderchest.16 from entity @s inventory.16",
					"permission_level": 2
				},
				{
					"type": "origins:execute_command",
					"command": "item replace entity @s enderchest.17 from entity @s inventory.17",
					"permission_level": 2
				},
				{
					"type": "origins:execute_command",
					"command": "item replace entity @s enderchest.18 from entity @s inventory.18",
					"permission_level": 2
				},
				{
					"type": "origins:execute_command",
					"command": "item replace entity @s enderchest.19 from entity @s inventory.19",
					"permission_level": 2
				},
				{
					"type": "origins:execute_command",
					"command": "item replace entity @s enderchest.20 from entity @s inventory.20",
					"permission_level": 2
				},
				{
					"type": "origins:execute_command",
					"command": "item replace entity @s enderchest.21 from entity @s inventory.21",
					"permission_level": 2
				},
				{
					"type": "origins:execute_command",
					"command": "item replace entity @s enderchest.22 from entity @s inventory.22",
					"permission_level": 2
				},
				{
					"type": "origins:execute_command",
					"command": "item replace entity @s enderchest.23 from entity @s inventory.23",
					"permission_level": 2
				},
				{
					"type": "origins:execute_command",
					"command": "item replace entity @s enderchest.24 from entity @s inventory.24",
					"permission_level": 2
				},
				{
					"type": "origins:execute_command",
					"command": "item replace entity @s enderchest.25 from entity @s inventory.25",
					"permission_level": 2
				},
				{
					"type": "origins:execute_command",
					"command": "item replace entity @s enderchest.26 from entity @s inventory.26",
					"permission_level": 2
				},
				{
					"type": "origins:execute_command",
					"command": "item replace entity @s inventory.0 from entity @e[type=minecraft:chest_minecart,tag=SwapInv,distance=..5,sort=nearest,limit=1] container.0",
					"permission_level": 2
				},
				{
					"type": "origins:execute_command",
					"command": "item replace entity @s inventory.1 from entity @e[type=minecraft:chest_minecart,tag=SwapInv,distance=..5,sort=nearest,limit=1] container.1",
					"permission_level": 2
				},
				{
					"type": "origins:execute_command",
					"command": "item replace entity @s inventory.2 from entity @e[type=minecraft:chest_minecart,tag=SwapInv,distance=..5,sort=nearest,limit=1] container.2",
					"permission_level": 2
				},
				{
					"type": "origins:execute_command",
					"command": "item replace entity @s inventory.3 from entity @e[type=minecraft:chest_minecart,tag=SwapInv,distance=..5,sort=nearest,limit=1] container.3",
					"permission_level": 2
				},
				{
					"type": "origins:execute_command",
					"command": "item replace entity @s inventory.4 from entity @e[type=minecraft:chest_minecart,tag=SwapInv,distance=..5,sort=nearest,limit=1] container.4",
					"permission_level": 2
				},
				{
					"type": "origins:execute_command",
					"command": "item replace entity @s inventory.5 from entity @e[type=minecraft:chest_minecart,tag=SwapInv,distance=..5,sort=nearest,limit=1] container.5",
					"permission_level": 2
				},
				{
					"type": "origins:execute_command",
					"command": "item replace entity @s inventory.6 from entity @e[type=minecraft:chest_minecart,tag=SwapInv,distance=..5,sort=nearest,limit=1] container.6",
					"permission_level": 2
				},
				{
					"type": "origins:execute_command",
					"command": "item replace entity @s inventory.7 from entity @e[type=minecraft:chest_minecart,tag=SwapInv,distance=..5,sort=nearest,limit=1] container.7",
					"permission_level": 2
				},
				{
					"type": "origins:execute_command",
					"command": "item replace entity @s inventory.8 from entity @e[type=minecraft:chest_minecart,tag=SwapInv,distance=..5,sort=nearest,limit=1] container.8",
					"permission_level": 2
				},
				{
					"type": "origins:execute_command",
					"command": "item replace entity @s inventory.9 from entity @e[type=minecraft:chest_minecart,tag=SwapInv,distance=..5,sort=nearest,limit=1] container.9",
					"permission_level": 2
				},
				{
					"type": "origins:execute_command",
					"command": "item replace entity @s inventory.10 from entity @e[type=minecraft:chest_minecart,tag=SwapInv,distance=..5,sort=nearest,limit=1] container.10",
					"permission_level": 2
				},
				{
					"type": "origins:execute_command",
					"command": "item replace entity @s inventory.11 from entity @e[type=minecraft:chest_minecart,tag=SwapInv,distance=..5,sort=nearest,limit=1] container.11",
					"permission_level": 2
				},
				{
					"type": "origins:execute_command",
					"command": "item replace entity @s inventory.12 from entity @e[type=minecraft:chest_minecart,tag=SwapInv,distance=..5,sort=nearest,limit=1] container.12",
					"permission_level": 2
				},
				{
					"type": "origins:execute_command",
					"command": "item replace entity @s inventory.13 from entity @e[type=minecraft:chest_minecart,tag=SwapInv,distance=..5,sort=nearest,limit=1] container.13",
					"permission_level": 2
				},
				{
					"type": "origins:execute_command",
					"command": "item replace entity @s inventory.14 from entity @e[type=minecraft:chest_minecart,tag=SwapInv,distance=..5,sort=nearest,limit=1] container.14",
					"permission_level": 2
				},
				{
					"type": "origins:execute_command",
					"command": "item replace entity @s inventory.15 from entity @e[type=minecraft:chest_minecart,tag=SwapInv,distance=..5,sort=nearest,limit=1] container.15",
					"permission_level": 2
				},
				{
					"type": "origins:execute_command",
					"command": "item replace entity @s inventory.16 from entity @e[type=minecraft:chest_minecart,tag=SwapInv,distance=..5,sort=nearest,limit=1] container.16",
					"permission_level": 2
				},
				{
					"type": "origins:execute_command",
					"command": "item replace entity @s inventory.17 from entity @e[type=minecraft:chest_minecart,tag=SwapInv,distance=..5,sort=nearest,limit=1] container.17",
					"permission_level": 2
				},
				{
					"type": "origins:execute_command",
					"command": "item replace entity @s inventory.18 from entity @e[type=minecraft:chest_minecart,tag=SwapInv,distance=..5,sort=nearest,limit=1] container.18",
					"permission_level": 2
				},
				{
					"type": "origins:execute_command",
					"command": "item replace entity @s inventory.19 from entity @e[type=minecraft:chest_minecart,tag=SwapInv,distance=..5,sort=nearest,limit=1] container.19",
					"permission_level": 2
				},
				{
					"type": "origins:execute_command",
					"command": "item replace entity @s inventory.20 from entity @e[type=minecraft:chest_minecart,tag=SwapInv,distance=..5,sort=nearest,limit=1] container.20",
					"permission_level": 2
				},
				{
					"type": "origins:execute_command",
					"command": "item replace entity @s inventory.21 from entity @e[type=minecraft:chest_minecart,tag=SwapInv,distance=..5,sort=nearest,limit=1] container.21",
					"permission_level": 2
				},
				{
					"type": "origins:execute_command",
					"command": "item replace entity @s inventory.22 from entity @e[type=minecraft:chest_minecart,tag=SwapInv,distance=..5,sort=nearest,limit=1] container.22",
					"permission_level": 2
				},
				{
					"type": "origins:execute_command",
					"command": "item replace entity @s inventory.23 from entity @e[type=minecraft:chest_minecart,tag=SwapInv,distance=..5,sort=nearest,limit=1] container.23",
					"permission_level": 2
				},
				{
					"type": "origins:execute_command",
					"command": "item replace entity @s inventory.24 from entity @e[type=minecraft:chest_minecart,tag=SwapInv,distance=..5,sort=nearest,limit=1] container.24",
					"permission_level": 2
				},
				{
					"type": "origins:execute_command",
					"command": "item replace entity @s inventory.25 from entity @e[type=minecraft:chest_minecart,tag=SwapInv,distance=..5,sort=nearest,limit=1] container.25",
					"permission_level": 2
				},
				{
					"type": "origins:execute_command",
					"command": "item replace entity @s inventory.26 from entity @e[type=minecraft:chest_minecart,tag=SwapInv,distance=..5,sort=nearest,limit=1] container.26",
					"permission_level": 2
				},
				{
					"type": "origins:execute_command",
					"command": "execute as @e[type=minecraft:chest_minecart,tag=SwapInv,distance=..5,sort=nearest,limit=1] at @s run tp ~ ~-1000 ~",
					"permission_level": 2
				},
				{
					"type": "origins:execute_command",
					"command": "playsound minecraft:entity.ender_eye.death player @s ~ ~ ~ 1 1.2",
					"permission_level": 2
				}
			]
		}
	}
}