{
	"type": "origins:active_self",
	"name": "§2§nEscape art (Secondary)",
	"description": "While holding gunpowder in your hand or your offhand you can create a smoke bomb, blinding all nearby mobs and players for 10 seconds, and giving you speed 2 for 5 seconds. (20 second cooldown)",
	"entity_action": {
		"type": "origins:and",
		"actions": [{
				"type": "origins:execute_command",
				"command": "/particle minecraft:flash ~ ~1 ~ 0.975 0.975 0.975 5 500 force"
			},
			{
				"type": "origins:execute_command",
				"command": "/playsound minecraft:entity.illusioner.prepare_mirror voice @a[distance=..10]"
			},
			{
				"type": "origins:execute_command",
				"command": "/effect give @e[distance=..10] blindness 10 10"
			},
			{
				"type": "origins:execute_command",
				"command": "/effect clear @s minecraft:blindness"
			},
			{
				"type": "origins:execute_command",
				"command": "/effect give @s minecraft:speed 5 2 true"
			}
		]
	},
	"condition": {
		"type": "origins:or",
		"conditions": [{
				"type": "origins:equipped_item",
				"equipment_slot": "mainhand",
				"item_condition": {
					"type": "origins:ingredient",
					"ingredient": {
						"item": "minecraft:gunpowder"
					}
				}
			},
			{
				"type": "origins:equipped_item",
				"equipment_slot": "offhand",
				"item_condition": {
					"type": "origins:ingredient",
					"ingredient": {
						"item": "minecraft:gunpowder"
					}
				}
			}
		]
	},
	"cooldown": 400,
	"hud_render": {
		"should_render": true,
		"sprite_location": "origins:textures/gui/community/huang/resource_bar_02.png",
		"bar_index": 0
	},
	"key": {
		"key": "key.origins.secondary_active"
	}
}