{
	"type": "origins:multiple",
	"resource": {
		"type": "origins:resource",
		"hidden": true,
		"min": 0,
		"max": 20,
		"start_value": 20,
		"hud_render": {
			"should_render": false
		}
	},
	"resource_two": {
		"type": "origins:resource",
		"hidden": true,
		"min": 0,
		"max": 1,
		"start_value": 0,
		"hud_render": {
			"should_render": false
		}
	},
	"resource_three": {
		"type": "origins:resource",
		"hidden": true,
		"min": 0,
		"max": 900,
		"start_value": 900,
		"hud_render": {
			"should_render": true,
			"sprite_location": "origins:textures/gui/community/huang/resource_bar_01.png",
			"bar_index": 24,
			"condition": {
				"type": "origins:resource",
				"resource": "loki:casting_resource_three",
				"comparison": "==",
				"compare_to": 900,
				"inverted": true
			}
		}
	},
	"cast_cooldown": {
		"type": "origins:action_over_time",
		"condition": {
			"type": "origins:and",
			"conditions": [{
					"type": "origins:resource",
					"resource": "loki:casting_resource_three",
					"comparison": "==",
					"compare_to": 900,
					"inverted": true
				},
				{
					"type": "origins:command",
					"command": "execute if entity @s",
					"comparison": "==",
					"compare_to": 0,
					"inverted": true
				}
			]
		},
		"entity_action": {
			"type": "origins:change_resource",
			"resource": "loki:casting_resource_three",
			"change": 1
		},
		"interval": 1
	},
	"cast": {
		"type": "origins:active_self",
		"condition": {
			"type": "origins:resource",
			"resource": "loki:casting_resource_three",
			"comparison": "==",
			"compare_to": 900
		},
		"entity_action": {
			"type": "origins:and",
			"actions": [{
					"type": "origins:change_resource",
					"resource": "loki:casting_resource_two",
					"change": 1
				},
				{
					"type": "origins:change_resource",
					"resource": "loki:casting_resource",
					"change": 20
				},
				{
					"type": "origins:execute_command",
					"command": "effect give @s minecraft:glowing 1 1 true"
				},
				{
					"type": "origins:change_resource",
					"resource": "loki:casting_resource_three",
					"change": -900
				}
			]
		},
		"cooldown": 20,
		"hud_render": {
			"should_render": false,
			"sprite_location": "origins:textures/gui/community/huang/resource_bar_01.png",
			"bar_index": 24
		}
	},
	"cast_two": {
		"type": "origins:action_over_time",
		"condition": {
			"type": "origins:and",
			"conditions": [{
					"type": "origins:resource",
					"resource": "loki:casting_resource",
					"comparison": "==",
					"compare_to": 0,
					"inverted": true
				},
				{
					"type": "origins:resource",
					"resource": "loki:casting_resource_two",
					"comparison": "==",
					"compare_to": 1
				},
				{
					"type": "origins:command",
					"command": "execute if entity @s",
					"comparison": "==",
					"compare_to": 0,
					"inverted": true
				}
			]
		},
		"falling_action": {
			"type": "origins:and",
			"actions": [{
					"type": "origins:execute_command",
					"command": "playsound minecraft:entity.illusioner.cast_spell voice @a[distance=..10]"
				},
				{
					"type": "origins:execute_command",
					"command": "function loki:casting"
				}
			]
		},
		"entity_action": {
			"type": "origins:change_resource",
			"resource": "loki:casting_resource",
			"change": -1
		},
		"interval": 1
	},
	"name": "§2§nIllusion Casting (Primary)",
	"description": "Being able to cast illusions, you cast 8 illusions of yourself surrounding you while you turn invisible and able to phase for 15 seconds, and you will be teleported back to your illusions. (45 second cooldown)"
}