{
    "type": "origins:modify_damage_dealt",
    "condition": {
        "type": "origins:equipped_item",
        "equipment_slot": "mainhand",
        "item_condition": {
            "type": "origins:ingredient",
            "ingredient": {
                "tag": "loki:weapons"
            }
        }
    },
    "modifier": {
        "operation": "multiply_base",
        "value": 1,
        "name": "weapon attack multiplier"
    },
    "name": "§2§nDaggers of Tricks",
    "description": "Blades are worthless in the face of a Loki sorcery. They stunt our magical potential. (all swords deals 2x dmg)"
}