{
	"type": "origins:multiple",
	"hidden": true,
	"resource": {
		"type": "origins:resource",
		"hidden": true,
		"min": 0,
		"max": 300,
		"start_value": 0,
		"hud_render": {
			"should_render": false
		}
	},
	"countdown": {
		"type": "origins:action_over_time",
		"entity_action": {
			"type": "origins:if_else",
			"condition": {
				"type": "origins:and",
				"conditions": [{
						"type": "origins:resource",
						"resource": "loki:invisible6_resource",
						"comparison": "==",
						"compare_to": 0,
						"inverted": true
					},
					{
						"type": "origins:command",
						"command": "execute if entity @s",
						"comparison": "==",
						"compare_to": 0,
						"inverted": true
					}
				]
			},
			"if_action": {
				"type": "origins:change_resource",
				"resource": "loki:invisible6_resource",
				"change": -1
			},
			"else_action": {
				"type": "origins:and",
				"actions": [
					{
						"type": "origins:execute_command",
						"command": "function loki:teleport"
					}
				]
			}
		},
		"interval": 1
	}
}