{
	"type": "origins:phasing",
	"hidden": true,
	"blacklist": true,
	"render_type": "blindness",
	"view_distance": 50,
	"block_condition": {
		"type": "origins:in_tag",
		"tag": "origins:unphasable"
	},
	"phase_down_condition": {
		"type": "origins:and",
		"conditions": [{
				"type": "origins:sneaking"
			},
			{
				"type": "origins:on_block"
			}
		]
	},
	"condition":{
		"type":"origins:resource",
		"resource":"loki:invisible6_resource",
		"comparison":"==",
		"compare_to":0,
		"inverted":true
	}
}