{
	"type": "origins:action_on_callback",
	"hidden": true,
	"entity_action_chosen": {
		"type": "origins:and",
		"actions": [{
				"type": "origins:execute_command",
				"command": "/resource set @s loki:invisible6_resource 0",
				"permission_level": 4
			},
			{
				"type": "origins:execute_command",
				"command": "team join loki @s",
				"permission_level": 4
			}
		]
	},
	"entity_action_respawned": {
		"type": "origins:and",
		"actions": [{
				"type": "origins:execute_command",
				"command": "/resource set @s loki:invisible6_resource 0",
				"permission_level": 4
			},
			{
				"type": "origins:execute_command",
				"command": "function loki:reset",
				"permission_level": 4
			}
		]
	},
	"entity_action_lost": {
		"type": "origins:and",
		"actions": [{
				"type": "origins:execute_command",
				"command": "/resource set @s loki:invisible6_resource 0",
				"permission_level": 4
			},
			{
				"type": "origins:execute_command",
				"command": "function loki:reset",
				"permission_level": 4
			}
		]
	},
	"execute_chosen_when_orb": true
}