{
	"type": "origins:action_over_time",
	"name": "§c§nDisliked",
	"description": "You can still trade with villagers, but you are less popular, making the trades more pricey.",
	"interval": 10,
	"entity_action": {
		"type": "origins:and",
		"actions": [{
				"type": "origins:execute_command",
				"command": "execute at @s as @e[type=villager,distance=..10] run data merge entity @s {Gossips:[{Target:[I;1,1,1,1],Type:'minor_negative',Value:200}]}",
				"permission_level": 4
			},
			{
				"type": "origins:execute_command",
				"command": "execute at @s as @e[type=villager,distance=..10] run data modify entity @s Gossips[{Target:[I;1,1,1,1]}].Target set from entity @p UUID",
				"permission_level": 4
			}
		]
	}
}