{
	"type": "origins:prevent_death",
	"name": "§2§nI'm not done yet",
	"description": "Once every 10 minutes you gain a passive totem of undying.This does not stack, so you can only have one at a time, and the cool down can be reduced by eating enchanted golden apples,the cooldown is reduced by one minute each time.",
	"entity_action": {
		"type": "origins:and",
		"actions": [{
				"type": "origins:clear_effect"
			},
			{
				"type": "origins:execute_command",
				"command": "effect give @s minecraft:regeneration 45 1"
			},
			{
				"type": "origins:execute_command",
				"command": "effect give @s minecraft:fire_resistance 40 0"
			},
			{
				"type": "origins:execute_command",
				"command": "effect give @s minecraft:absorption 5 1"
			},
			{
				"type": "origins:execute_command",
				"command": "playsound minecraft:item.totem.use player @s ~ ~ ~"
			},
			{
				"type": "origins:change_resource",
				"resource": "loki:resource",
				"change": -600
			}
		]
	},
	"condition": {
		"type": "origins:resource",
		"resource": "loki:resource",
		"comparison": "==",
		"compare_to": 600
	}
}