{
    "hidden": true,
    "type": "origins:action_over_time",
    "entity_action": {
        "type": "origins:and",
        "actions": [
             {
        "type": "origins:execute_command",
        "command": "effect give @e[tag=!mist,distance=..2.5] minecraft:slowness 6 2 true",
        "permission_level": 4
      },
      {
        "type": "origins:execute_command",
        "command": "effect give @e[tag=!mist,distance=..2.5] minecraft:blindness 6 2 true",
        "permission_level": 4
      },
      {
        "type": "origins:execute_command",
        "command": "effect give @e[tag=!mist,distance=..2.5] minecraft:weakness 6 2 true",
        "permission_level": 4
      }
        ]
    },
    "interval": 1,
    "condition": {
        "type": "origins:resource",
        "resource": "zadori:bar1",
        "comparison": "==",
        "compare_to": 1
    }
}