{
    "name": "Mist Fall",
    "description": "While in mid air, you can sneak to slow down your fall.",
    "type": "origins:multiple",
    "particle": {
        "type": "origins:action_over_time",
        "entity_action": {
            "type": "origins:execute_command",
            "command": "particle minecraft:dust 0 0 0 1 ~ ~ ~ .25 .25 .25 0.8 3"
        },
        "interval": 10,
        "condition": {
            "type": "origins:and",
            "conditions": [{
                    "type": "origins:on_block",
                    "inverted": true
                },
                {
                    "type": "origins:sneaking"
                }
            ]
        }
    },
    "slow_falling": {
        "type": "origins:stacking_status_effect",
        "min_stacks": 0,
        "max_stacks": 1,
        "duration_per_stack": 15,
        "effect": {
            "effect": "minecraft:slow_falling",
            "is_ambient": true,
            "show_particles": false,
            "show_icon": false,
            "amplifier": 35
        },
        "condition": {
            "type": "origins:and",
            "conditions": [{
                    "type": "origins:on_block",
                    "inverted": true
                },
                {
                    "type": "origins:sneaking"
                }
            ]
        }
    }
}
