{
    "name": "Mist Form",
    "description": "[Primary] You can turn into your mist form! This allows you to fly(swim in air), take no fall damage and weaknes anything you touch. But armor is useless and you take 2 times more damage from everything.",
    "type": "origins:multiple",
    "invis": {
    "type": "origins:invisibility",
    "render_armor": false,
    "condition": {
        "type": "origins:or",
        "conditions": [{
                "type": "origins:resource",
                "resource": "zadori:bar1",
                "comparison": "==",
                "compare_to": 1
            },
            {
                    "type": "origins:power_active",
                    "power": "*:on"
                }
        ]
    }
},
"particle": {
    "type": "origins:action_over_time",
    "entity_action": {
        "type": "origins:execute_command",
        "command": "particle minecraft:dust 0 0 0 1.2 ~ ~1 ~ .35 .35 .35 0.18 70"
    },
    "interval": 1,
    "condition": {
        "type": "origins:resource",
        "resource": "zadori:bar1",
        "comparison": "==",
        "compare_to": 1
    }

},
"particle1": {
    "type": "origins:action_over_time",
    "entity_action": {
        "type": "origins:execute_command",
        "command": "particle minecraft:dust 0 0 0 1.2 ~ ~1 ~ .55 .55 .55 0.18 9"
    },
    "interval": 2,
    "condition": {
                    "type": "origins:power_active",
                    "power": "*:on"
                }

},
"swim": {
    "type": "origins:modify_swim_speed",
    "modifier": {
        "operation": "addition",
        "value": 0.020
    }
},
"armor_debuff": {
    "type": "origins:conditioned_attribute",
    "modifier": {
        "attribute": "minecraft:generic.armor",
        "operation": "addition",
        "value": -200
    },
    "tick_rate": 1,
    "condition": {
        "type": "origins:or",
        "conditions": [{
                "type": "origins:resource",
                "resource": "zadori:bar1",
                "comparison": "==",
                "compare_to": 1
            },
            {
                    "type": "origins:power_active",
                    "power": "*:on"
                }
        ]
    }
},
"damage": {
    "type": "origins:modify_damage_taken",
    "condition": {
                "type": "origins:resource",
                "resource": "zadori:bar1",
                "comparison": "==",
                "compare_to": 1
            
    },
    "modifier": {
        "operation": "multiply_total",
        "value": 2
    }
},
"fall_dmg": {
    "type": "origins:invulnerability",
    "damage_condition": {
        "type": "origins:name",
        "name": "fall"
    },
    "condition": {
        "type": "origins:or",
        "conditions": [{
                "type": "origins:resource",
                "resource": "zadori:bar1",
                "comparison": "==",
                "compare_to": 1
            },
            {
                "type": "origins:power_active",
                "power": "*:on"
            }
        ]
    }
},
"slow_fall": {
    "type": "origins:action_over_time",
    "entity_action": {
        "type": "origins:delay",
        "ticks": 20,
        "action": {
            "type": "origins:execute_command",
            "command": "effect give @s slow_falling 2 4 true",
            "permission_level": 4
        }
    },
    "interval": 1,
    "condition": {
        "type": "origins:resource",
        "resource": "zadori:cooldown_bar",
        "comparison": "==",
        "compare_to": 180
    }

},
"weak": {
    "type": "origins:stacking_status_effect",
    "min_stacks": 0,
    "max_stacks": 1,
    "duration_per_stack": 15,
    "effect": 
        {
            "effect": "minecraft:weakness",
            "is_ambient": true,
            "show_particles": false,
            "show_icon": false,
            "amplifier": 255
        },
    "condition": {
    "type": "origins:power_active",
    "power": "*:on"
}
}


}