{
    "name": "Kinetic Shift",
    "description": "[LoadHotbarActivator] You charge yp your body making it shake violently! This instantly dashes you forward and damages anything in the way. The max range for this is 80 blocks. But after using this ability, you get really weakned for a short period of time.",
    "type": "origins:multiple",
    "particles": {
        "type": "origins:action_over_time",
        "entity_action": {
            "type": "origins:execute_command",
            "command": "particle minecraft:dust 0 0 0 1 ~ ~1 ~ .35 .35 .35 0.55 20"
        },
        "interval": 5,
        "condition": {
            "type": "origins:and",
            "conditions": [{
                    "type": "origins:resource",
                    "resource": "zadori:ksb",
                    "comparison": "<=",
                    "compare_to": 70
                },
                {
                    "type": "origins:resource",
                    "resource": "zadori:ksb",
                    "comparison": ">",
                    "compare_to": 0
                }
            ]
        }
    },
    "shake":
    {
        "type": "origins:shaking",
        "condition": {
            "type": "origins:and",
            "conditions": [{
                    "type": "origins:resource",
                    "resource": "zadori:ksb",
                    "comparison": "<=",
                    "compare_to": 70
                },
                {
                    "type": "origins:resource",
                    "resource": "zadori:ksb",
                    "comparison": ">",
                    "compare_to": 0
                }
            ]
        }
    },
    "up_ig": {
        "type": "origins:action_over_time",
        "entity_action": {
            "type": "origins:change_resource",
            "resource": "zadori:ksb",
            "change": 1
        },
        "interval": 1,
        "condition": {
            "type": "origins:and",
            "conditions": [{
                    "type": "origins:resource",
                    "resource": "zadori:ksb",
                    "comparison": "<",
                    "compare_to": 70
                },
                {
                    "type": "origins:resource",
                    "resource": "zadori:ksb",
                    "comparison": ">",
                    "compare_to": 0
                }
            ]
        }
    },
    "down_igd": {
        "type": "origins:action_over_time",
        "entity_action": {
            "type": "origins:and",
            "actions": [{
                "type": "origins:delay",
                "ticks": 1,
                "action": {
                    "type": "origins:change_resource",
                    "resource": "zadori:ksb",
                    "change": -70
                }
            }]
        },
        "interval": 1,
        "condition": {
            "type": "origins:resource",
            "resource": "zadori:ksb",
            "comparison": "==",
            "compare_to": 70
        }
    },
    "hit_ig": {
        "type": "origins:self_action_when_hit",
        "entity_action": {
            "type": "origins:and",
            "actions": [{
                "type": "origins:delay",
                "ticks": 1,
                "action": {
                    "type": "origins:change_resource",
                    "resource": "zadori:ksb",
                    "change": -70
                }
            }]
        },
        "cooldown": 1
    },
    "ks_ig": {
        "type": "origins:action_over_time",
        "entity_action": {
            "type": "origins:and",
            "actions": [{
                    "type": "origins:execute_command",
                    "command": "function dmg:start_ray",
                    "permission_level": 4
                },
                {
                    "type": "origins:execute_command",
                    "command": "function tp:start_ray",
                    "permission_level": 4
                },
                {
                    "type": "origins:change_resource",
                    "resource": "zadori:maw",
                    "change": 1
                },
                {
                    "type": "origins:execute_command",
                    "command": "particle minecraft:dust 0 0 0 2 ~ ~ ~ .25 .75 .25 1 100",
                    "permission_level": 4
                },
                {
        "type": "origins:change_resource",
        "resource": "zadori:comp/comp",
        "change": 110
    },

                {
                    "type": "origins:execute_command",
                    "command": "particle minecraft:dust 0 0 0 2 ~ ~1 ~ .25 .25 .25 1 100",
                    "permission_level": 4
                }, {
                    "type": "origins:delay",
                    "ticks": 1,
                    "action": {
                        "type": "origins:apply_effect",
                        "effect": {
                            "effect": "minecraft:slow_falling",
                            "duration": 40,
                            "amplifier": 0,
                            "show_particles": false,
                            "show_icon": false
                        }
                    }
                },
                {
                    "type": "origins:delay",
                    "ticks": 1,
                    "action": {
                        "type": "origins:apply_effect",
                        "effect": {
                            "effect": "minecraft:jump_boost",
                            "duration": 250,
                            "amplifier": 250,
                            "show_particles": false,
                            "show_icon": false
                        }
                    }
                }
            ]
        },
        "interval": 1,
        "condition": {
            "type": "origins:resource",
            "resource": "zadori:ksb",
            "comparison": "==",
            "compare_to": 70
        }
    },
    "up_again": {
        "type": "origins:action_over_time",
        "entity_action": {
            "type": "origins:change_resource",
            "resource": "zadori:maw",
            "change": 1
        },
        "interval": 1,
        "condition": {
            "type": "origins:and",
            "conditions": [{
                    "type": "origins:resource",
                    "resource": "zadori:maw",
                    "comparison": "<",
                    "compare_to": 500
                },
                {
                    "type": "origins:resource",
                    "resource": "zadori:maw",
                    "comparison": ">",
                    "compare_to": 0
                }
            ]
        }
    },
    "down_again": {
        "type": "origins:action_over_time",
        "entity_action": {
            "type": "origins:and",
            "actions": [{
                "type": "origins:delay",
                "ticks": 1,
                "action": {
                    "type": "origins:change_resource",
                    "resource": "zadori:maw",
                    "change": -500
                }
            }]
        },
        "interval": 1,
        "condition": {
            "type": "origins:resource",
            "resource": "zadori:maw",
            "comparison": "==",
            "compare_to": 500
        }
    },
    "weaky_leaky": {
        "type": "origins:conditioned_attribute",
        "modifier": {
            "attribute": "minecraft:generic.movement_speed",
            "operation": "multiply_total",
            "value": -0.5
        },
        "condition": {
            "type": "origins:and",
            "conditions": [{
                    "type": "origins:resource",
                    "resource": "zadori:maw",
                    "comparison": "<=",
                    "compare_to": 250
                },
                {
                    "type": "origins:resource",
                    "resource": "zadori:maw",
                    "comparison": ">",
                    "compare_to": 0
                }
            ]
        }
    },
    "weaky_leaky2": {
        "type": "origins:conditioned_attribute",
        "modifier": {
            "attribute": "minecraft:generic.attack_damage",
            "operation": "multiply_total",
            "value": -0.3
        },
        "condition": {
            "type": "origins:and",
            "conditions": [{
                    "type": "origins:resource",
                    "resource": "zadori:maw",
                    "comparison": "<=",
                    "compare_to": 250
                },
                {
                    "type": "origins:resource",
                    "resource": "zadori:maw",
                    "comparison": ">",
                    "compare_to": 0
                }
            ]
        }
    }

}