{
    "hidden": true,
    "type": "origins:active_self",
    "entity_action": {
    "type": "origins:and",
    "actions": [
      {
            "type": "origins:change_resource",
            "resource": "zadori:ksb",
            "change": 1
        }
    ]
  },
    "cooldown": 1,
    "hud_render": {
        "should_render": false
    },
    "condition": {
        "type": "origins:and",
        "conditions": [{
                "type": "origins:resource",
                "resource": "zadori:maw",
                "comparison": "==",
                "compare_to": 0
            },
            {
                "type": "origins:resource",
                "resource": "zadori:ksb",
                "comparison": "==",
                "compare_to": 0
            }
        ]
    },
    "key": {
        "key": "key.loadToolbarActivator"
    }
}