{
    "hidden": true,
    "type": "origins:active_self",
    "entity_action": {
    "type": "origins:and",
    "actions": [
      {
            "type": "origins:change_resource",
            "resource": "zadori:mac",
            "change": 1
        },
        {
        "type": "origins:execute_command",
        "command": "playsound minecraft:entity.illusioner.prepare_blindness master @s ~ ~ ~ 100 0.65",
        "permission_level": 4
      },
      {
        "type": "origins:change_resource",
        "resource": "zadori:comp/comp",
        "change": 220
    },
        {
            "type": "origins:change_resource",
            "resource": "zadori:mist_on",
            "change": 1
        }
    ]
  },
    "cooldown": 1,
    "hud_render": {
        "should_render": false
    },
    "condition": {
        "type": "origins:resource",
        "resource": "zadori:mac",
        "comparison": "==",
        "compare_to": 0
    },
    "key": {
        "key": "key.origins.secondary_active"
    }
}