{
    "hidden": true,
        "type": "origins:resource",
        "max": 500,
        "min": 0,
        "hud_render": {
            "should_render": true,
            "sprite_location": "origins:textures/gui/community/spiderkolo/resource_bar_03.png",
            "bar_index": 20,
            "condition": {
                "type": "origins:resource",
                "resource": "zadori:mac",
                "comparison": ">",
                "compare_to": 0
            }
        }
    }
