{
  "name": "Mist Protection",
    "description": "[Secondary] You can summon a big mist cloud around you that starts to suffocate everything.",
  "type": "origins:action_over_time",
  "entity_action": {
    "type": "origins:and",
    "actions": [
      {
        "type": "origins:execute_command",
        "command": "effect give @e[tag=!mist,tag=stop,distance=..12] minecraft:weakness 1 5 true",
        "permission_level": 4
      },
      {
        "type": "origins:execute_command",
        "command": "effect give @e[tag=!mist,tag=stop,distance=..12] minecraft:wither 1 3 true",
        "permission_level": 4
      },
      {
        "type": "origins:execute_command",
        "command": "effect give @e[tag=!mist,tag=stop,distance=..12] minecraft:slowness 1 3 true",
        "permission_level": 4
      }
    ]
  },
  "interval": 1,
  "condition": {
                "type": "origins:resource",
                "resource": "zadori:mist_on",
                "comparison": "==",
                "compare_to": 1
            }
}
