{
    "hidden": true,
    "type": "origins:multiple",
    "particles": {
        "type": "origins:action_over_time",
        "entity_action": {
            "type": "origins:execute_command",
            "command": "particle minecraft:dust 0 0 0 100 ~ ~ ~ 8 8 8 0.55 1000"
        },
        "interval": 25,
        "condition": {
            "type": "origins:and",
            "conditions": [{
                    "type": "origins:resource",
                    "resource": "zadori:mac",
                    "comparison": "<",
                    "compare_to": 200
                },
                {
                    "type": "origins:resource",
                    "resource": "zadori:mist_on",
                    "comparison": "==",
                    "compare_to": 1
                }
            ]
        }
    },
    "hjdfjs": {
  "type": "origins:action_over_time",
  "entity_action": {
    "type": "origins:and",
    "actions": [
      {
        "type": "origins:delay",
    "ticks": 8,
    "action": {
      "type": "origins:execute_command",
        "command": "execute at @e[tag=stop,tag=!mist,type=!item,distance=..10] run particle minecraft:dust 0 0 0 1.2 ~ ~1 ~ .35 .35 .35 0.8 25 normal",
        "permission_level": 4
       }
      }
    ]
  },
  "interval": 1,
  "condition": {
                "type": "origins:resource",
                "resource": "zadori:mist_on",
                "comparison": "==",
                "compare_to": 1
            }
},
    "up_ig": {
        "type": "origins:action_over_time",
        "entity_action": {
            "type": "origins:change_resource",
            "resource": "zadori:mac",
            "change": 1
        },
        "interval": 1,
        "condition": {
            "type": "origins:and",
            "conditions": [{
                    "type": "origins:resource",
                    "resource": "zadori:mac",
                    "comparison": "<",
                    "compare_to": 500
                },
                {
                    "type": "origins:resource",
                    "resource": "zadori:mac",
                    "comparison": ">",
                    "compare_to": 0
                }
            ]
        }
    },
    "down_ig": {
        "type": "origins:action_over_time",
        "entity_action": {
            "type": "origins:and",
            "actions": [
                {
                    "type": "origins:change_resource",
                    "resource": "zadori:mist_on",
                    "change": -1
                }

            ]
        },
        "interval": 1,
        "condition": {
            "type": "origins:resource",
            "resource": "zadori:mac",
            "comparison": "==",
            "compare_to": 200
        }
    },
    "down_igd": {
        "type": "origins:action_over_time",
        "entity_action": {
            "type": "origins:and",
            "actions": [{
                    "type": "origins:delay",
                    "ticks": 5,
                    "action": {
                        "type": "origins:change_resource",
                        "resource": "zadori:mac",
                        "change": -500
                    }
                }
            ]
        },
        "interval": 1,
        "condition": {
            "type": "origins:resource",
            "resource": "zadori:mac",
            "comparison": "==",
            "compare_to": 500
        }
    }
}