{
    "name": "Phasing Mist",
    "description": "[SaveHotbarActivator] Your body turns into very small mist allowing you to phase anywhere and you don't take any fall damage! But armor is useless and you cant attack anything.",
    "type": "origins:phasing",
    "blacklist": true,
    "render_type": "blindness",
    "view_distance": 10,
    "block_condition": {
        "type": "origins:in_tag",
        "tag": "origins:unphasable"
    },
    "phase_down_condition": {
        "type": "origins:and",
        "conditions": [
            {
                "type": "origins:sneaking"
            },
            {
                "type": "origins:on_block"
            }
        ]
    },
    "condition": {
    "type": "origins:power_active",
    "power": "*:on"
}
}