{
    "hidden": true,
    "type": "origins:active_self",
    "entity_action": {
        "type": "origins:and",
        "actions": [{
                "type": "origins:change_resource",
                "resource": "zadori:bar1",
                "change": 1
            },
             {
        "type": "origins:execute_command",
        "command": "playsound minecraft:entity.evoker.cast_spell master @s ~ ~ ~ 10 1.5",
        "permission_level": 4
      },
            {
                "type": "origins:change_resource",
                "resource": "zadori:cooldown_bar",
                "change": -500
            },
            {
        "type": "origins:change_resource",
        "resource": "zadori:comp/comp",
        "change": 220
    }
        ]
    },
        "cooldown": 1,
        "hud_render": {
            "should_render": false,
            "sprite_location": "origins:textures/gui/community/spiderkolo/resource_bar_02.png",
            "bar_index": 19
        },
        "condition": {
    "type": "origins:resource",
    "resource": "zadori:cooldown_bar",
    "comparison": "==",
    "compare_to": 500
 }
}
}