{
  "hidden": true,
    "type": "origins:action_over_time",
    "entity_action": {
        "type": "origins:and",
        "actions": [
            {
  "type": "origins:execute_command",
  "command": "tag @e[type=minecraft:zombie] add undead",
  "permission_level": 4
},
{
  "type": "origins:execute_command",
  "command": "tag @e[type=minecraft:zombie_horse] add undead",
  "permission_level": 4
},
{
  "type": "origins:execute_command",
  "command": "tag @e[type=minecraft:zombie_villager] add undead",
  "permission_level": 4
},
{
  "type": "origins:execute_command",
  "command": "tag @e[type=minecraft:zombified_piglin] add undead",
  "permission_level": 4
},
{
  "type": "origins:execute_command",
  "command": "tag @e[type=minecraft:drowned] add undead",
  "permission_level": 4
},
{
  "type": "origins:execute_command",
  "command": "tag @e[type=minecraft:wither] add undead",
  "permission_level": 4
},
{
  "type": "origins:execute_command",
  "command": "tag @e[type=minecraft:skeleton] add undead",
  "permission_level": 4
},
{
  "type": "origins:execute_command",
  "command": "tag @e[type=minecraft:phantom] add undead",
  "permission_level": 4
},
{
  "type": "origins:execute_command",
  "command": "tag @e[type=minecraft:husk] add undead",
  "permission_level": 4
},
{
  "type": "origins:execute_command",
  "command": "tag @e[type=minecraft:stray] add undead",
  "permission_level": 4
},
{
  "type": "origins:execute_command",
  "command": "tag @e[type=minecraft:zoglin] add undead",
  "permission_level": 4
},
{
  "type": "origins:execute_command",
  "command": "tag @e[type=minecraft:wither_skeleton] add undead",
  "permission_level": 4
},
{
  "type": "origins:execute_command",
  "command": "tag @e[type=minecraft:skeleton_horse] add undead",
  "permission_level": 4
}
        ]
    },
    "interval": 1
}