{
  "generator": {
    "type": "minecraft:flat",
    "settings": {
      "structures": {
        "structures": {
        }
      },
      "layers": [
        {
          "block": "minecraft:barrier",
          "height": 256
        }
      ],
      "biome": "filcher:filcher_space"
    }
  },
  "type": {
    "ultrawarm": false,
    "natural": true,
    "piglin_safe": true,
    "respawn_anchor_works": false,
    "bed_works": false,
    "has_raids": false,
    "has_skylight": false,
    "has_ceiling": false,
    "coordinate_scale": 1,
    "ambient_light": 0,
    "logical_height": 256,
    "effects": "minecraft:the_nether",
    "infiniburn": "minecraft:infiniburn_overworld",
    "fixed_time": 6000,
    "min_y": 0,
    "height": 256
  }
}