{
    "name": "Flammable",
    "description": "Heat increase your fire bar. The more this fills up, the more damage you take. So at the start you dont take any and at the end you take 4 times more! You can decrease your fire meter by 1 level using ice(any type). It also goes down faster if you are standing on a cold block.",
    "type": "origins:resource",
    "min": 0,
    "max": 400,
    "hud_render": {
        "should_render": true,
        "bar_index": 7,
        "condition": {
    "type": "origins:resource",
    "resource": "zadori:fire/fire_bar",
    "comparison": ">",
    "compare_to": 0
}
    }
}