{
    "hidden": true,
    "type": "origins:multiple",
    "one": {
        "type": "origins:action_over_time",
        "entity_action": {
            "type": "origins:change_resource",
            "resource": "zadori:fire/fire_bar",
            "change": -1
        },
        "interval": 8,
        "condition": {
            "type": "origins:in_block",
            "block_condition": {
                "inverted": true,
                "type": "origins:or",
                "conditions": [{
                        "type": "origins:offset",
                        "condition": {
                            "type": "origins:block",
                            "block": "minecraft:magma_block"
                        },
                        "y": -1
                    },
                    {
                        "type": "origins:in_tag",
                        "tag": "zadori:fire_blocks"
                    }
                ]
            }
        }
    },
    "oenoen":  {
        "type": "origins:action_over_time",
        "entity_action": {
            "type": "origins:change_resource",
            "resource": "zadori:fire/fire_bar",
            "change": 0
        },
        "interval": 5,
        "condition": {
            "type": "origins:on_fire",
            "inverted": true
        }
    }
}
