{
    "hidden": true,
	"type": "origins:multiple",
	"fire1": {
    "type": "origins:action_over_time",
    "interval": 1,
    "entity_action": {
        "type": "origins:execute_command",
        "command": "effect give @s fire_resistance 1 255 true",
        "permission_level": 4
    },
    "condition": {
    "type": "origins:resource",
    "resource": "*:fire/fire_bar",
    "comparison": "<=",
    "compare_to": 80
  }
 },
 "fire2": {
    "type": "origins:action_over_time",
    "interval": 1,
    "entity_action": {
        "type": "origins:damage",
  "amount": 1,
  "source": {
    "name": "onFire",
    "fire": true,
    "bypasses_armor": false
  }
},
    "condition": {
        "type": "origins:and",
        "conditions": [{
                "type": "origins:resource",
                "resource": "*:fire/fire_bar",
                "comparison": ">",
                "compare_to": 80
            },
            {
                "type": "origins:resource",
                "resource": "*:fire/fire_bar",
                "comparison": "<=",
                "compare_to": 160
            },
            {
            "type": "origins:in_block",
            "block_condition": {
                "type": "origins:or",
                "conditions": [{
                        "type": "origins:offset",
                        "condition": {
                            "type": "origins:block",
                            "block": "minecraft:magma_block"
                        },
                        "y": -1
                    },
                    {
                        "type": "origins:in_tag",
                        "tag": "zadori:fire_blocks"
                    }
                ]
            }
        }
        ]
    }
},
"fire3": {
    "type": "origins:action_over_time",
    "interval": 1,
    "entity_action": {
        "type": "origins:damage",
  "amount": 2,
  "source": {
    "name": "onFire",
    "fire": true,
    "bypasses_armor": false
  }
},
    "condition": {
        "type": "origins:and",
        "conditions": [{
                "type": "origins:resource",
                "resource": "*:fire/fire_bar",
                "comparison": ">",
                "compare_to": 160
            },
            {
                "type": "origins:resource",
                "resource": "*:fire/fire_bar",
                "comparison": "<=",
                "compare_to": 240
            },
            {
            "type": "origins:in_block",
            "block_condition": {
                "type": "origins:or",
                "conditions": [{
                        "type": "origins:offset",
                        "condition": {
                            "type": "origins:block",
                            "block": "minecraft:magma_block"
                        },
                        "y": -1
                    },
                    {
                        "type": "origins:in_tag",
                        "tag": "zadori:fire_blocks"
                    }
                ]
            }
        }
        ]
    }
},
"fire4": {
    "type": "origins:action_over_time",
    "interval": 1,
    "entity_action": {
        "type": "origins:damage",
  "amount": 3,
  "source": {
    "name": "onFire",
    "fire": true,
    "bypasses_armor": false
  }
},
    "condition": {
        "type": "origins:and",
        "conditions": [{
                "type": "origins:resource",
                "resource": "*:fire/fire_bar",
                "comparison": ">",
                "compare_to": 240
            },
            {
                "type": "origins:resource",
                "resource": "*:fire/fire_bar",
                "comparison": "<=",
                "compare_to": 320
            },
            {
            "type": "origins:in_block",
            "block_condition": {
                "type": "origins:or",
                "conditions": [{
                        "type": "origins:offset",
                        "condition": {
                            "type": "origins:block",
                            "block": "minecraft:magma_block"
                        },
                        "y": -1
                    },
                    {
                        "type": "origins:in_tag",
                        "tag": "zadori:fire_blocks"
                    }
                ]
            }
        }
        ]
    }
},
"fire5": {
    "type": "origins:action_over_time",
    "interval": 1,
    "entity_action": {
        "type": "origins:damage",
  "amount": 4,
  "source": {
    "name": "onFire",
    "fire": true,
    "bypasses_armor": false
  }
},
    "condition": {
        "type": "origins:and",
        "conditions": [{
                "type": "origins:resource",
                "resource": "*:fire/fire_bar",
                "comparison": ">",
                "compare_to": 320
            },
            {
                "type": "origins:resource",
                "resource": "*:fire/fire_bar",
                "comparison": "<=",
                "compare_to": 400
            },
            {
            "type": "origins:in_block",
            "block_condition": {
                "type": "origins:or",
                "conditions": [{
                        "type": "origins:offset",
                        "condition": {
                            "type": "origins:block",
                            "block": "minecraft:magma_block"
                        },
                        "y": -1
                    },
                    {
                        "type": "origins:in_tag",
                        "tag": "zadori:fire_blocks"
                    }
                ]
            }
        }
        ]
    }
}
}