{
	"credit": "Made with Blockbench",
	"textures": {
		"0": "block/beacon",
		"1": "block/black_concrete",
		"6": "block/iron_block",
		"9": "block/orange_concrete",
		"11": "block/orange_stained_glass",
		"14": "block/redstone_block",
		"19": "block/white_wool",
		"20": "block/white_concrete",
		"particle": "block/beacon"
	},
	"elements": [
		{
			"name": "base",
			"from": [5, 0, 0],
			"to": [11, 1, 17],
			"rotation": {"angle": 0, "axis": "y", "origin": [8, 0.5, 8]},
			"faces": {
				"north": {"uv": [16, 16, 22, 17], "texture": "#20"},
				"east": {"uv": [0, 16, 16, 17], "texture": "#20"},
				"south": {"uv": [38, 16, 44, 17], "texture": "#20"},
				"west": {"uv": [22, 16, 38, 17], "texture": "#20"},
				"up": {"uv": [0, 0, 6, 16], "texture": "#20"},
				"down": {"uv": [0, 0, 6, 16], "texture": "#20"}
			}
		},
		{
			"name": "floor",
			"from": [5, 1, 6],
			"to": [11, 2, 11],
			"faces": {
				"north": {"uv": [0, 0, 10, 1], "texture": "#19"},
				"east": {"uv": [0, 0, 11, 1], "texture": "#19"},
				"south": {"uv": [0, 0, 9, 1], "texture": "#19"},
				"west": {"uv": [0, 0, 10, 1], "texture": "#19"},
				"up": {"uv": [0, 0, 16, 12], "texture": "#19"},
				"down": {"uv": [0, 0, 16, 16], "texture": "#19"}
			}
		},
		{
			"name": "seat_back",
			"from": [5.5, 2, 11],
			"to": [10.5, 6, 12],
			"rotation": {"angle": 22.5, "axis": "x", "origin": [8, 4, 10.5]},
			"faces": {
				"north": {"uv": [0, 0, 15, 12], "texture": "#19"},
				"east": {"uv": [0, 0, 2, 16], "texture": "#19"},
				"south": {"uv": [7, 1, 12, 5], "texture": "#19"},
				"west": {"uv": [0, 0, 4, 16], "texture": "#19"},
				"up": {"uv": [0, 0, 16, 4], "texture": "#19"},
				"down": {"uv": [11, 0, 6, 1], "texture": "#19"}
			}
		},
		{
			"name": "middle_stripe",
			"from": [3, 1, 6],
			"to": [4, 2, 11],
			"rotation": {"angle": 0, "axis": "y", "origin": [4.5, 1.5, 8]},
			"faces": {
				"north": {"uv": [-13, 2, -12, 3], "texture": "#20"},
				"east": {"uv": [-18, 2, -13, 3], "texture": "#20"},
				"south": {"uv": [-7, 2, -6, 3], "texture": "#20"},
				"west": {"uv": [0, 0, 10, 2], "texture": "#20"},
				"up": {"uv": [-12, 2, -13, -3], "texture": "#20"},
				"down": {"uv": [-11, -3, -12, 2], "texture": "#20"}
			}
		},
		{
			"name": "bottom_stripe",
			"from": [3, 0, 6],
			"to": [4, 1, 11],
			"rotation": {"angle": 0, "axis": "y", "origin": [4.5, 1.5, 8]},
			"faces": {
				"north": {"uv": [0, 0, 2, 2], "texture": "#9"},
				"east": {"uv": [-18, 2, -13, 3], "texture": "#9"},
				"south": {"uv": [0, 0, 2, 2], "texture": "#9"},
				"west": {"uv": [0, 0, 10, 2], "texture": "#9"},
				"up": {"uv": [-12, 2, -13, -3], "texture": "#9"},
				"down": {"uv": [0, 0, 1, 5], "texture": "#9"}
			}
		},
		{
			"name": "base",
			"from": [4, 0, 0],
			"to": [5, 3, 17],
			"rotation": {"angle": 0, "axis": "y", "origin": [4.5, 1.5, 8]},
			"faces": {
				"north": {"uv": [-2, 13, -1, 16], "texture": "#9"},
				"east": {"uv": [0, 0, 16, 3], "texture": "#9"},
				"south": {"uv": [15, 13, 16, 16], "texture": "#9"},
				"west": {"uv": [-1, 13, 15, 16], "texture": "#9"},
				"up": {"uv": [0, 0, 1, 16], "texture": "#9"},
				"down": {"uv": [0, 0, 1, 16], "texture": "#9"}
			}
		},
		{
			"name": "top_stripe",
			"from": [3, 2, 5],
			"to": [4, 3, 12],
			"rotation": {"angle": 0, "axis": "y", "origin": [4.5, 1.5, 8]},
			"faces": {
				"north": {"uv": [-11, 4, -10, 5], "texture": "#9"},
				"east": {"uv": [-18, 4, -11, 5], "texture": "#9"},
				"south": {"uv": [-3, 4, -2, 5], "texture": "#9"},
				"west": {"uv": [0, 0, 14, 2], "texture": "#9"},
				"up": {"uv": [0, 0, 2, 14], "texture": "#9"},
				"down": {"uv": [-9, -3, -10, 4], "texture": "#9"}
			}
		},
		{
			"name": "middle_stripe",
			"from": [12, 1, 6],
			"to": [13, 2, 11],
			"rotation": {"angle": 0, "axis": "y", "origin": [4.5, 1.5, 8]},
			"faces": {
				"north": {"uv": [-13, 2, -12, 3], "texture": "#20"},
				"east": {"uv": [0, 0, 10, 2], "texture": "#20"},
				"south": {"uv": [-7, 2, -6, 3], "texture": "#20"},
				"west": {"uv": [-12, 2, -7, 3], "texture": "#20"},
				"up": {"uv": [-12, 2, -13, -3], "texture": "#20"},
				"down": {"uv": [-11, -3, -12, 2], "texture": "#20"}
			}
		},
		{
			"name": "bottom_stripe",
			"from": [12, 0, 6],
			"to": [13, 1, 11],
			"rotation": {"angle": 0, "axis": "y", "origin": [4.5, 1.5, 8]},
			"faces": {
				"north": {"uv": [0, 0, 2, 2], "texture": "#9"},
				"east": {"uv": [0, 0, 10, 2], "texture": "#9"},
				"south": {"uv": [0, 0, 2, 2], "texture": "#9"},
				"west": {"uv": [-12, 2, -7, 3], "texture": "#9"},
				"up": {"uv": [-12, 2, -13, -3], "texture": "#9"},
				"down": {"uv": [0, 0, 1, 5], "texture": "#9"}
			}
		},
		{
			"name": "base",
			"from": [11, 0, 0],
			"to": [12, 3, 17],
			"rotation": {"angle": 0, "axis": "y", "origin": [4.5, 1.5, 8]},
			"faces": {
				"north": {"uv": [16, 16, 17, 19], "texture": "#9"},
				"east": {"uv": [0, 16, 16, 19], "texture": "#9"},
				"south": {"uv": [33, 16, 34, 19], "texture": "#9"},
				"west": {"uv": [0, 0, 16, 3], "texture": "#9"},
				"up": {"uv": [16, 16, 15, 0], "texture": "#9"},
				"down": {"uv": [0, 0, 1, 16], "texture": "#9"}
			}
		},
		{
			"name": "top_stripe",
			"from": [12, 2, 5],
			"to": [13, 3, 12],
			"rotation": {"angle": 0, "axis": "y", "origin": [4.5, 1.5, 8]},
			"faces": {
				"north": {"uv": [7, 7, 8, 8], "texture": "#9"},
				"east": {"uv": [0, 0, 14, 2], "texture": "#9"},
				"south": {"uv": [15, 7, 16, 8], "texture": "#9"},
				"west": {"uv": [8, 7, 15, 8], "texture": "#9"},
				"up": {"uv": [0, 0, 2, 14], "texture": "#9"},
				"down": {"uv": [9, 0, 8, 7], "texture": "#9"}
			}
		},
		{
			"name": "left_headlight",
			"from": [4, 2, -0.25],
			"to": [6, 3, 0.75],
			"rotation": {"angle": 0, "axis": "y", "origin": [5, 2.5, 0.25]},
			"faces": {
				"north": {"uv": [0, 1, 16, 15], "texture": "#0"},
				"east": {"uv": [0, 1, 1, 15], "texture": "#0"},
				"south": {"uv": [10, 5, 12, 6], "texture": "#0"},
				"west": {"uv": [15, 1, 16, 15], "texture": "#0"},
				"up": {"uv": [16, 1, 0, 0], "texture": "#0"},
				"down": {"uv": [11, 4, 9, 5], "texture": "#0"}
			}
		},
		{
			"name": "right_headlight",
			"from": [10, 2, -0.25],
			"to": [12, 3, 0.75],
			"rotation": {"angle": 0, "axis": "y", "origin": [11, 2.5, 0.25]},
			"faces": {
				"north": {"uv": [0, 1, 16, 15], "texture": "#0"},
				"east": {"uv": [0, 1, 1, 15], "texture": "#0"},
				"south": {"uv": [10, 5, 12, 6], "texture": "#0"},
				"west": {"uv": [15, 1, 16, 15], "texture": "#0"},
				"up": {"uv": [16, 1, 0, 0], "texture": "#0"},
				"down": {"uv": [11, 4, 9, 5], "texture": "#0"}
			}
		},
		{
			"name": "stripe_3",
			"from": [7, 2.9588, -0.19344],
			"to": [9, 3.9588, 1.80656],
			"rotation": {"angle": -22.5, "axis": "x", "origin": [8, 3.4588, 0.80656]},
			"faces": {
				"north": {"uv": [0, 0, 8, 4], "texture": "#20"},
				"east": {"uv": [0, 2, 2, 3], "texture": "#20"},
				"south": {"uv": [6, 2, 8, 3], "texture": "#20"},
				"west": {"uv": [4, 2, 6, 3], "texture": "#20"},
				"up": {"uv": [0, 0, 8, 8], "texture": "#20"},
				"down": {"uv": [6, 0, 4, 2], "texture": "#20"}
			}
		},
		{
			"name": "left_3",
			"from": [3, 2.9588, -0.19344],
			"to": [7, 3.9588, 1.80656],
			"rotation": {"angle": -22.5, "axis": "x", "origin": [5, 3.4588, 0.80656]},
			"faces": {
				"north": {"uv": [0, 0, 16, 4], "texture": "#9"},
				"east": {"uv": [0, 2, 2, 3], "texture": "#9"},
				"south": {"uv": [8, 2, 12, 3], "texture": "#9"},
				"west": {"uv": [0, 0, 8, 4], "texture": "#9"},
				"up": {"uv": [0, 0, 16, 8], "texture": "#9"},
				"down": {"uv": [10, 0, 6, 2], "texture": "#9"}
			}
		},
		{
			"name": "left_4",
			"from": [3, 3, 1.5],
			"to": [7, 4.3, 4.5],
			"rotation": {"angle": 0, "axis": "x", "origin": [5, 3.4588, 2.80656]},
			"faces": {
				"north": {"uv": [3, 3, 7, 4], "texture": "#9"},
				"east": {"uv": [0, 3, 3, 4], "texture": "#9"},
				"south": {"uv": [10, 3, 14, 4], "texture": "#9"},
				"west": {"uv": [0, 0, 12, 5], "texture": "#9"},
				"up": {"uv": [0, 0, 16, 12], "texture": "#9"},
				"down": {"uv": [11, 0, 7, 3], "texture": "#9"}
			}
		},
		{
			"name": "right_4",
			"from": [9, 3, 1.5],
			"to": [13, 4.3, 4.5],
			"rotation": {"angle": 0, "axis": "x", "origin": [5, 3.4588, 2.80656]},
			"faces": {
				"north": {"uv": [5, 12, 9, 13], "texture": "#9"},
				"east": {"uv": [0, 0, 12, 5], "texture": "#9"},
				"south": {"uv": [12, 12, 16, 13], "texture": "#9"},
				"west": {"uv": [9, 12, 12, 13], "texture": "#9"},
				"up": {"uv": [0, 0, 16, 12], "texture": "#9"},
				"down": {"uv": [13, 9, 9, 12], "texture": "#9"}
			}
		},
		{
			"name": "stripe_4",
			"from": [7, 3, 1.5],
			"to": [9, 4.2, 4.5],
			"rotation": {"angle": 0, "axis": "x", "origin": [5, 3.4588, 2.80656]},
			"faces": {
				"north": {"uv": [3, 3, 5, 4], "texture": "#20"},
				"east": {"uv": [0, 3, 3, 4], "texture": "#20"},
				"south": {"uv": [8, 3, 10, 4], "texture": "#20"},
				"west": {"uv": [5, 3, 8, 4], "texture": "#20"},
				"up": {"uv": [0, 0, 8, 12], "texture": "#20"},
				"down": {"uv": [7, 0, 5, 3], "texture": "#20"}
			}
		},
		{
			"name": "right_3",
			"from": [9, 2.9588, -0.19344],
			"to": [13, 3.9588, 1.80656],
			"rotation": {"angle": -22.5, "axis": "x", "origin": [11, 3.4588, 0.80656]},
			"faces": {
				"north": {"uv": [0, 0, 16, 4], "texture": "#9"},
				"east": {"uv": [0, 0, 8, 4], "texture": "#9"},
				"south": {"uv": [8, 2, 12, 3], "texture": "#9"},
				"west": {"uv": [6, 2, 8, 3], "texture": "#9"},
				"up": {"uv": [0, 0, 16, 8], "texture": "#9"},
				"down": {"uv": [10, 0, 6, 2], "texture": "#9"}
			}
		},
		{
			"name": "stripe_2",
			"from": [7, 1.5, -0.1],
			"to": [9, 3, 1.2],
			"rotation": {"angle": 22.5, "axis": "x", "origin": [8, 2.5, 0.5]},
			"faces": {
				"north": {"uv": [0, 0, 8, 6], "texture": "#20"},
				"east": {"uv": [0, 1, 1, 2], "texture": "#20"},
				"south": {"uv": [4, 1, 6, 2], "texture": "#20"},
				"west": {"uv": [3, 1, 4, 2], "texture": "#20"},
				"up": {"uv": [3, 1, 1, 0], "texture": "#20"},
				"down": {"uv": [5, 0, 3, 1], "texture": "#20"}
			}
		},
		{
			"name": "left_2",
			"from": [3, 2, 0],
			"to": [7, 3, 1],
			"rotation": {"angle": 0, "axis": "y", "origin": [5, 2.5, 0.5]},
			"faces": {
				"north": {"uv": [0, 0, 16, 4], "texture": "#9"},
				"east": {"uv": [0, 1, 1, 2], "texture": "#9"},
				"south": {"uv": [6, 1, 10, 2], "texture": "#9"},
				"west": {"uv": [5, 1, 6, 2], "texture": "#9"},
				"up": {"uv": [5, 1, 1, 0], "texture": "#9"},
				"down": {"uv": [9, 0, 5, 1], "texture": "#9"}
			}
		},
		{
			"name": "right_2",
			"from": [9, 2, 0],
			"to": [13, 3, 1],
			"rotation": {"angle": 0, "axis": "y", "origin": [11, 2.5, 0.5]},
			"faces": {
				"north": {"uv": [0, 0, 16, 4], "texture": "#9"},
				"east": {"uv": [0, 0, 4, 4], "texture": "#9"},
				"south": {"uv": [6, 1, 10, 2], "texture": "#9"},
				"west": {"uv": [5, 1, 6, 2], "texture": "#9"},
				"up": {"uv": [5, 1, 1, 0], "texture": "#9"},
				"down": {"uv": [9, 0, 5, 1], "texture": "#9"}
			}
		},
		{
			"name": "stripe_1",
			"from": [7, 0, -0.5],
			"to": [9, 2, 0.5],
			"rotation": {"angle": 0, "axis": "y", "origin": [8, 1, 0]},
			"faces": {
				"north": {"uv": [0, 0, 8, 8], "texture": "#20"},
				"east": {"uv": [0, 1, 1, 3], "texture": "#20"},
				"south": {"uv": [4, 1, 6, 3], "texture": "#20"},
				"west": {"uv": [3, 1, 4, 3], "texture": "#20"},
				"up": {"uv": [3, 1, 1, 0], "texture": "#20"},
				"down": {"uv": [5, 0, 3, 1], "texture": "#20"}
			}
		},
		{
			"name": "left_1",
			"from": [3, 0, -0.5],
			"to": [7, 2, 0.5],
			"rotation": {"angle": 0, "axis": "y", "origin": [5, 1, 0]},
			"faces": {
				"north": {"uv": [0, 0, 16, 8], "texture": "#9"},
				"east": {"uv": [0, 1, 1, 3], "texture": "#9"},
				"south": {"uv": [6, 1, 10, 3], "texture": "#9"},
				"west": {"uv": [0, 0, 4, 8], "texture": "#9"},
				"up": {"uv": [5, 1, 1, 0], "texture": "#9"},
				"down": {"uv": [9, 0, 5, 1], "texture": "#9"}
			}
		},
		{
			"name": "right_1",
			"from": [9, 0, -0.5],
			"to": [13, 2, 0.5],
			"rotation": {"angle": 0, "axis": "y", "origin": [11, 1, 0]},
			"faces": {
				"north": {"uv": [0, 0, 16, 8], "texture": "#9"},
				"east": {"uv": [0, 0, 4, 8], "texture": "#9"},
				"south": {"uv": [6, 1, 10, 3], "texture": "#9"},
				"west": {"uv": [5, 1, 6, 3], "texture": "#9"},
				"up": {"uv": [5, 1, 1, 0], "texture": "#9"},
				"down": {"uv": [9, 0, 5, 1], "texture": "#9"}
			}
		},
		{
			"name": "wheel_well_1",
			"from": [3.01, 1.07574, 0.5],
			"to": [12.99, 4.07574, 1.5],
			"rotation": {"angle": 45, "axis": "x", "origin": [8, 2.57574, 1]},
			"faces": {
				"north": {"uv": [0, 0, 16, 16], "texture": "#9"},
				"east": {"uv": [0, 0, 4, 12], "texture": "#9"},
				"south": {"uv": [11, 1, 20, 4], "texture": "#9"},
				"west": {"uv": [0, 0, 4, 12], "texture": "#9"},
				"up": {"uv": [10, 1, 1, 0], "texture": "#9"},
				"down": {"uv": [19, 0, 10, 1], "texture": "#9"}
			}
		},
		{
			"name": "wheel_well_2",
			"from": [3.01, 0.07574, 4.5],
			"to": [12.99, 4.07574, 5.5],
			"rotation": {"angle": -45, "axis": "x", "origin": [8, 2.57574, 5]},
			"faces": {
				"north": {"uv": [1, 1, 10, 5], "texture": "#9"},
				"east": {"uv": [0, 0, 4, 16], "texture": "#9"},
				"south": {"uv": [0, 0, 16, 16], "texture": "#9"},
				"west": {"uv": [0, 0, 4, 16], "texture": "#9"},
				"up": {"uv": [10, 1, 1, 0], "texture": "#9"},
				"down": {"uv": [19, 0, 10, 1], "texture": "#9"}
			}
		},
		{
			"name": "lfw1",
			"from": [3, -1, 1.5],
			"to": [4, 2, 4.5],
			"rotation": {"angle": 0, "axis": "x", "origin": [3.5, 0.5, 3]},
			"faces": {
				"north": {"uv": [3, 3, 15, 15], "texture": "#1"},
				"east": {"uv": [0, 3, 3, 6], "texture": "#1"},
				"south": {"uv": [7, 3, 8, 6], "texture": "#1"},
				"west": {"uv": [0, 0, 12, 12], "texture": "#1"},
				"up": {"uv": [4, 3, 16, 15], "texture": "#1"},
				"down": {"uv": [5, 0, 4, 3], "texture": "#1"}
			}
		},
		{
			"name": "lfw2",
			"from": [3, -1, 1.5],
			"to": [4, 2, 4.5],
			"rotation": {"angle": 22.5, "axis": "x", "origin": [3.5, 0.5, 3]},
			"faces": {
				"north": {"uv": [3, 3, 15, 15], "texture": "#1"},
				"east": {"uv": [0, 3, 3, 6], "texture": "#1"},
				"south": {"uv": [7, 3, 8, 6], "texture": "#1"},
				"west": {"uv": [0, 0, 12, 12], "texture": "#1"},
				"up": {"uv": [4, 3, 3, 0], "texture": "#1"},
				"down": {"uv": [5, 0, 4, 3], "texture": "#1"}
			}
		},
		{
			"name": "lfw3",
			"from": [3, -1, 1.5],
			"to": [4, 2, 4.5],
			"rotation": {"angle": 45, "axis": "x", "origin": [3.5, 0.5, 3]},
			"faces": {
				"north": {"uv": [3, 3, 15, 15], "texture": "#1"},
				"east": {"uv": [0, 3, 3, 6], "texture": "#1"},
				"south": {"uv": [7, 3, 8, 6], "texture": "#1"},
				"west": {"uv": [0, 0, 12, 12], "texture": "#1"},
				"up": {"uv": [4, 3, 3, 0], "texture": "#1"},
				"down": {"uv": [5, 0, 4, 3], "texture": "#1"}
			}
		},
		{
			"name": "lfw4",
			"from": [3, -1, 1.5],
			"to": [4, 2, 4.5],
			"rotation": {"angle": -22.5, "axis": "x", "origin": [3.5, 0.5, 3]},
			"faces": {
				"north": {"uv": [3, 3, 4, 6], "texture": "#1"},
				"east": {"uv": [0, 3, 3, 6], "texture": "#1"},
				"south": {"uv": [7, 3, 8, 6], "texture": "#1"},
				"west": {"uv": [0, 0, 12, 12], "texture": "#1"},
				"up": {"uv": [0, 0, 12, 12], "texture": "#1"},
				"down": {"uv": [5, 0, 4, 3], "texture": "#1"}
			}
		},
		{
			"name": "rfw1",
			"from": [12, -1, 1.5],
			"to": [13, 2, 4.5],
			"rotation": {"angle": 0, "axis": "x", "origin": [12.5, 0.5, 3]},
			"faces": {
				"north": {"uv": [3, 3, 4, 6], "texture": "#1"},
				"east": {"uv": [0, 0, 12, 12], "texture": "#1"},
				"south": {"uv": [7, 3, 8, 6], "texture": "#1"},
				"west": {"uv": [4, 3, 7, 6], "texture": "#1"},
				"up": {"uv": [0, 0, 0, 0], "texture": "#1"},
				"down": {"uv": [5, 0, 4, 3], "texture": "#1"}
			}
		},
		{
			"name": "rfw2",
			"from": [12, -1, 1.5],
			"to": [13, 2, 4.5],
			"rotation": {"angle": 22.5, "axis": "x", "origin": [12.5, 0.5, 3]},
			"faces": {
				"north": {"uv": [3, 3, 4, 6], "texture": "#1"},
				"east": {"uv": [0, 0, 12, 12], "texture": "#1"},
				"south": {"uv": [7, 3, 8, 6], "texture": "#1"},
				"west": {"uv": [4, 3, 7, 6], "texture": "#1"},
				"up": {"uv": [0, 0, 0, 0], "texture": "#1"},
				"down": {"uv": [5, 0, 4, 3], "texture": "#1"}
			}
		},
		{
			"name": "rfw3",
			"from": [12, -1, 1.5],
			"to": [13, 2, 4.5],
			"rotation": {"angle": 45, "axis": "x", "origin": [12.5, 0.5, 3]},
			"faces": {
				"north": {"uv": [3, 3, 4, 6], "texture": "#1"},
				"east": {"uv": [0, 0, 12, 12], "texture": "#1"},
				"south": {"uv": [7, 3, 8, 6], "texture": "#1"},
				"west": {"uv": [4, 3, 7, 6], "texture": "#1"},
				"up": {"uv": [4, 3, 3, 0], "texture": "#1"},
				"down": {"uv": [5, 0, 4, 3], "texture": "#1"}
			}
		},
		{
			"name": "rfw4",
			"from": [12, -1, 1.5],
			"to": [13, 2, 4.5],
			"rotation": {"angle": -22.5, "axis": "x", "origin": [12.5, 0.5, 3]},
			"faces": {
				"north": {"uv": [3, 3, 4, 6], "texture": "#1"},
				"east": {"uv": [0, 0, 12, 12], "texture": "#1"},
				"south": {"uv": [7, 3, 8, 6], "texture": "#1"},
				"west": {"uv": [4, 3, 7, 6], "texture": "#1"},
				"up": {"uv": [4, 3, 3, 0], "texture": "#1"},
				"down": {"uv": [5, 0, 4, 3], "texture": "#1"}
			}
		},
		{
			"name": "wheel_well_1",
			"from": [3.01, 0.07574, 11.5],
			"to": [12.99, 4.07574, 12.5],
			"rotation": {"angle": 45, "axis": "x", "origin": [8, 2.57574, 12]},
			"faces": {
				"north": {"uv": [0, 0, 16, 16], "texture": "#9"},
				"east": {"uv": [0, 0, 4, 16], "texture": "#9"},
				"south": {"uv": [11, 1, 20, 5], "texture": "#9"},
				"west": {"uv": [0, 0, 4, 16], "texture": "#9"},
				"up": {"uv": [10, 1, 1, 0], "texture": "#9"},
				"down": {"uv": [19, 0, 10, 1], "texture": "#9"}
			}
		},
		{
			"name": "wheel_well_2",
			"from": [3.01, 1.07574, 15.5],
			"to": [12.99, 4.07574, 16.5],
			"rotation": {"angle": -45, "axis": "x", "origin": [8, 2.57574, 16]},
			"faces": {
				"north": {"uv": [1, 1, 10, 4], "texture": "#9"},
				"east": {"uv": [0, 0, 4, 12], "texture": "#9"},
				"south": {"uv": [0, 0, 16, 4], "texture": "#9"},
				"west": {"uv": [0, 0, 4, 12], "texture": "#9"},
				"up": {"uv": [10, 1, 1, 0], "texture": "#9"},
				"down": {"uv": [19, 0, 10, 1], "texture": "#9"}
			}
		},
		{
			"name": "lbw1",
			"from": [3, -1, 12.5],
			"to": [4, 2, 15.5],
			"rotation": {"angle": 0, "axis": "x", "origin": [3.5, 0.5, 14]},
			"faces": {
				"north": {"uv": [3, 3, 4, 6], "texture": "#1"},
				"east": {"uv": [0, 0, 12, 12], "texture": "#1"},
				"south": {"uv": [7, 3, 8, 6], "texture": "#1"},
				"west": {"uv": [0, 0, 12, 12], "texture": "#1"},
				"up": {"uv": [4, 3, 3, 0], "texture": "#1"},
				"down": {"uv": [5, 0, 4, 3], "texture": "#1"}
			}
		},
		{
			"name": "lbw2",
			"from": [3, -1, 12.5],
			"to": [4, 2, 15.5],
			"rotation": {"angle": 22.5, "axis": "x", "origin": [3.5, 0.5, 14]},
			"faces": {
				"north": {"uv": [3, 3, 4, 6], "texture": "#1"},
				"east": {"uv": [0, 0, 12, 12], "texture": "#1"},
				"south": {"uv": [7, 3, 8, 6], "texture": "#1"},
				"west": {"uv": [0, 0, 12, 12], "texture": "#1"},
				"up": {"uv": [4, 3, 3, 0], "texture": "#1"},
				"down": {"uv": [5, 0, 4, 3], "texture": "#1"}
			}
		},
		{
			"name": "lbw3",
			"from": [3, -1, 12.5],
			"to": [4, 2, 15.5],
			"rotation": {"angle": 45, "axis": "x", "origin": [3.5, 0.5, 14]},
			"faces": {
				"north": {"uv": [3, 3, 4, 6], "texture": "#1"},
				"east": {"uv": [0, 0, 12, 12], "texture": "#1"},
				"south": {"uv": [7, 3, 8, 6], "texture": "#1"},
				"west": {"uv": [0, 0, 12, 12], "texture": "#1"},
				"up": {"uv": [4, 3, 3, 0], "texture": "#1"},
				"down": {"uv": [5, 0, 4, 3], "texture": "#1"}
			}
		},
		{
			"name": "lbw4",
			"from": [3, -1, 12.5],
			"to": [4, 2, 15.5],
			"rotation": {"angle": -22.5, "axis": "x", "origin": [3.5, 0.5, 14]},
			"faces": {
				"north": {"uv": [3, 3, 4, 6], "texture": "#1"},
				"east": {"uv": [0, 0, 12, 12], "texture": "#1"},
				"south": {"uv": [7, 3, 8, 6], "texture": "#1"},
				"west": {"uv": [0, 0, 12, 12], "texture": "#1"},
				"up": {"uv": [4, 3, 3, 0], "texture": "#1"},
				"down": {"uv": [5, 0, 4, 3], "texture": "#1"}
			}
		},
		{
			"name": "rbw1",
			"from": [12, -1, 12.5],
			"to": [13, 2, 15.5],
			"rotation": {"angle": 0, "axis": "x", "origin": [12.5, 0.5, 14]},
			"faces": {
				"north": {"uv": [3, 3, 4, 6], "texture": "#1"},
				"east": {"uv": [0, 0, 12, 12], "texture": "#1"},
				"south": {"uv": [7, 3, 8, 6], "texture": "#1"},
				"west": {"uv": [4, 3, 7, 6], "texture": "#1"},
				"up": {"uv": [4, 3, 3, 0], "texture": "#1"},
				"down": {"uv": [5, 0, 4, 3], "texture": "#1"}
			}
		},
		{
			"name": "rbw2",
			"from": [12, -1, 12.5],
			"to": [13, 2, 15.5],
			"rotation": {"angle": 22.5, "axis": "x", "origin": [12.5, 0.5, 14]},
			"faces": {
				"north": {"uv": [3, 3, 4, 6], "texture": "#1"},
				"east": {"uv": [0, 0, 12, 12], "texture": "#1"},
				"south": {"uv": [7, 3, 8, 6], "texture": "#1"},
				"west": {"uv": [4, 3, 7, 6], "texture": "#1"},
				"up": {"uv": [4, 3, 3, 0], "texture": "#1"},
				"down": {"uv": [5, 0, 4, 3], "texture": "#1"}
			}
		},
		{
			"name": "rbw3",
			"from": [12, -1, 12.5],
			"to": [13, 2, 15.5],
			"rotation": {"angle": 45, "axis": "x", "origin": [12.5, 0.5, 14]},
			"faces": {
				"north": {"uv": [3, 3, 4, 6], "texture": "#1"},
				"east": {"uv": [0, 0, 12, 12], "texture": "#1"},
				"south": {"uv": [7, 3, 8, 6], "texture": "#1"},
				"west": {"uv": [4, 3, 7, 6], "texture": "#1"},
				"up": {"uv": [4, 3, 3, 0], "texture": "#1"},
				"down": {"uv": [5, 0, 4, 3], "texture": "#1"}
			}
		},
		{
			"name": "rbw4",
			"from": [12, -1, 12.5],
			"to": [13, 2, 15.5],
			"rotation": {"angle": -22.5, "axis": "x", "origin": [12.5, 0.5, 14]},
			"faces": {
				"north": {"uv": [3, 3, 4, 6], "texture": "#1"},
				"east": {"uv": [0, 0, 12, 12], "texture": "#1"},
				"south": {"uv": [7, 3, 8, 6], "texture": "#1"},
				"west": {"uv": [4, 3, 7, 6], "texture": "#1"},
				"up": {"uv": [4, 3, 3, 0], "texture": "#1"},
				"down": {"uv": [5, 0, 4, 3], "texture": "#1"}
			}
		},
		{
			"name": "left_taillight_1",
			"from": [3.7, 2, 16.25],
			"to": [4.2, 3.5, 17.25],
			"rotation": {"angle": 0, "axis": "y", "origin": [8, 2.60902, 19.95502]},
			"faces": {
				"north": {"uv": [6, 8, 6, 9], "texture": "#14"},
				"east": {"uv": [5, 8, 6, 9], "texture": "#14"},
				"south": {"uv": [4, 4, 8, 12], "texture": "#14"},
				"west": {"uv": [6, 8, 7, 9], "texture": "#14"},
				"up": {"uv": [6, 8, 6, 7], "texture": "#14"},
				"down": {"uv": [6, 7, 6, 8], "texture": "#14"}
			}
		},
		{
			"name": "left_taillight_2",
			"from": [4.3, 2, 16.25],
			"to": [4.8, 3.5, 17.25],
			"rotation": {"angle": 0, "axis": "y", "origin": [8, 2.60902, 19.95502]},
			"faces": {
				"north": {"uv": [6, 8, 6, 9], "texture": "#14"},
				"east": {"uv": [5, 8, 6, 9], "texture": "#14"},
				"south": {"uv": [4, 4, 8, 12], "texture": "#14"},
				"west": {"uv": [6, 8, 7, 9], "texture": "#14"},
				"up": {"uv": [6, 8, 6, 7], "texture": "#14"},
				"down": {"uv": [6, 7, 6, 8], "texture": "#14"}
			}
		},
		{
			"name": "left_taillight_3",
			"from": [4.9, 2, 16.25],
			"to": [5.4, 3.5, 17.25],
			"rotation": {"angle": 0, "axis": "y", "origin": [8, 2.60902, 19.95502]},
			"faces": {
				"north": {"uv": [6, 8, 6, 9], "texture": "#14"},
				"east": {"uv": [5, 8, 6, 9], "texture": "#14"},
				"south": {"uv": [4, 4, 8, 12], "texture": "#14"},
				"west": {"uv": [6, 8, 7, 9], "texture": "#14"},
				"up": {"uv": [6, 8, 6, 7], "texture": "#14"},
				"down": {"uv": [6, 7, 6, 8], "texture": "#14"}
			}
		},
		{
			"name": "right_taillight_1",
			"from": [11.8, 2, 16.25],
			"to": [12.3, 3.5, 17.25],
			"rotation": {"angle": 0, "axis": "y", "origin": [8, 2.60902, 19.95502]},
			"faces": {
				"north": {"uv": [6, 8, 6, 9], "texture": "#14"},
				"east": {"uv": [5, 8, 6, 9], "texture": "#14"},
				"south": {"uv": [4, 4, 8, 12], "rotation": 180, "texture": "#14"},
				"west": {"uv": [6, 8, 7, 9], "texture": "#14"},
				"up": {"uv": [6, 8, 6, 7], "texture": "#14"},
				"down": {"uv": [6, 7, 6, 8], "texture": "#14"}
			}
		},
		{
			"name": "right_taillight_2",
			"from": [11.2, 2, 16.25],
			"to": [11.7, 3.5, 17.25],
			"rotation": {"angle": 0, "axis": "y", "origin": [8, 2.60902, 19.95502]},
			"faces": {
				"north": {"uv": [6, 8, 6, 9], "texture": "#14"},
				"east": {"uv": [5, 8, 6, 9], "texture": "#14"},
				"south": {"uv": [4, 4, 8, 12], "rotation": 180, "texture": "#14"},
				"west": {"uv": [6, 8, 7, 9], "texture": "#14"},
				"up": {"uv": [6, 8, 6, 7], "texture": "#14"},
				"down": {"uv": [6, 7, 6, 8], "texture": "#14"}
			}
		},
		{
			"name": "right_taillight_3",
			"from": [10.6, 2, 16.25],
			"to": [11.1, 3.5, 17.25],
			"rotation": {"angle": 0, "axis": "y", "origin": [8, 2.60902, 19.95502]},
			"faces": {
				"north": {"uv": [6, 8, 6, 9], "texture": "#14"},
				"east": {"uv": [5, 8, 6, 9], "texture": "#14"},
				"south": {"uv": [4, 4, 8, 12], "rotation": 180, "texture": "#14"},
				"west": {"uv": [6, 8, 7, 9], "texture": "#14"},
				"up": {"uv": [6, 8, 6, 7], "texture": "#14"},
				"down": {"uv": [6, 7, 6, 8], "texture": "#14"}
			}
		},
		{
			"name": "stripe_3",
			"from": [7, 1.6, 15.5],
			"to": [9, 2.6, 17.5],
			"rotation": {"angle": 22.5, "axis": "x", "origin": [8, 3.4588, 19.80656]},
			"faces": {
				"north": {"uv": [2, 2, 4, 3], "texture": "#20"},
				"east": {"uv": [0, 2, 2, 3], "texture": "#20"},
				"south": {"uv": [6, 2, 8, 3], "texture": "#20"},
				"west": {"uv": [4, 2, 6, 3], "texture": "#20"},
				"up": {"uv": [0, 0, 8, 8], "texture": "#20"},
				"down": {"uv": [6, 0, 4, 2], "texture": "#20"}
			}
		},
		{
			"name": "left_4",
			"from": [3, 3, 12.5],
			"to": [7, 4.3, 15.5],
			"rotation": {"angle": 0, "axis": "x", "origin": [8, 2.60902, 19.95502]},
			"faces": {
				"north": {"uv": [3, 3, 7, 4], "texture": "#9"},
				"east": {"uv": [0, 3, 3, 4], "texture": "#9"},
				"south": {"uv": [10, 3, 14, 4], "texture": "#9"},
				"west": {"uv": [0, 0, 12, 6], "texture": "#9"},
				"up": {"uv": [0, 0, 16, 12], "texture": "#9"},
				"down": {"uv": [11, 0, 7, 3], "texture": "#9"}
			}
		},
		{
			"name": "right_4",
			"from": [9, 3, 12.5],
			"to": [13, 4.3, 15.5],
			"rotation": {"angle": 0, "axis": "x", "origin": [8, 2.60902, 19.95502]},
			"faces": {
				"north": {"uv": [5, 12, 9, 13], "texture": "#9"},
				"east": {"uv": [0, 0, 12, 6], "texture": "#9"},
				"south": {"uv": [12, 12, 16, 13], "texture": "#9"},
				"west": {"uv": [9, 12, 12, 13], "texture": "#9"},
				"up": {"uv": [0, 0, 16, 12], "texture": "#9"},
				"down": {"uv": [13, 9, 9, 12], "texture": "#9"}
			}
		},
		{
			"name": "right_3",
			"from": [9, 1.6, 15.5],
			"to": [13, 2.6, 17.5],
			"rotation": {"angle": 22.5, "axis": "x", "origin": [8, 3.4588, 19.80656]},
			"faces": {
				"north": {"uv": [2, 2, 6, 3], "texture": "#9"},
				"east": {"uv": [0, 0, 8, 4], "texture": "#9"},
				"south": {"uv": [0, 0, 16, 4], "texture": "#9"},
				"west": {"uv": [6, 2, 8, 3], "texture": "#9"},
				"up": {"uv": [0, 0, 16, 8], "texture": "#9"},
				"down": {"uv": [10, 0, 6, 2], "texture": "#9"}
			}
		},
		{
			"name": "left_3",
			"from": [3, 1.6, 15.5],
			"to": [7, 2.6, 17.5],
			"rotation": {"angle": 22.5, "axis": "x", "origin": [8, 3.4588, 19.80656]},
			"faces": {
				"north": {"uv": [2, 2, 6, 3], "texture": "#9"},
				"east": {"uv": [0, 2, 2, 3], "texture": "#9"},
				"south": {"uv": [0, 0, 16, 4], "texture": "#9"},
				"west": {"uv": [0, 0, 8, 4], "texture": "#9"},
				"up": {"uv": [0, 0, 16, 8], "texture": "#9"},
				"down": {"uv": [10, 0, 6, 2], "texture": "#9"}
			}
		},
		{
			"name": "stripe_4",
			"from": [7, 3, 12.5],
			"to": [9, 4.2, 15.5],
			"rotation": {"angle": 0, "axis": "x", "origin": [8, 2.60902, 19.95502]},
			"faces": {
				"north": {"uv": [3, 3, 5, 4], "texture": "#20"},
				"east": {"uv": [0, 3, 3, 4], "texture": "#20"},
				"south": {"uv": [8, 3, 10, 4], "texture": "#20"},
				"west": {"uv": [5, 3, 8, 4], "texture": "#20"},
				"up": {"uv": [0, 0, 8, 12], "texture": "#20"},
				"down": {"uv": [7, 0, 5, 3], "texture": "#20"}
			}
		},
		{
			"name": "stripe_2",
			"from": [7, 1.5, 16],
			"to": [9, 3, 17.3],
			"rotation": {"angle": -22.5, "axis": "x", "origin": [8, 2.08417, 16.62636]},
			"faces": {
				"north": {"uv": [1, 1, 3, 2], "texture": "#20"},
				"east": {"uv": [0, 1, 1, 2], "texture": "#20"},
				"south": {"uv": [0, 0, 8, 4], "texture": "#20"},
				"west": {"uv": [3, 1, 4, 2], "texture": "#20"},
				"up": {"uv": [3, 1, 1, 0], "texture": "#20"},
				"down": {"uv": [5, 0, 3, 1], "texture": "#20"}
			}
		},
		{
			"name": "left_2",
			"from": [3, 2, 16],
			"to": [7, 3, 17],
			"rotation": {"angle": 0, "axis": "y", "origin": [8, 2.60902, 19.95502]},
			"faces": {
				"north": {"uv": [1, 1, 5, 2], "texture": "#9"},
				"east": {"uv": [0, 1, 1, 2], "texture": "#9"},
				"south": {"uv": [0, 0, 16, 4], "texture": "#9"},
				"west": {"uv": [0, 0, 4, 4], "texture": "#9"},
				"up": {"uv": [5, 1, 1, 0], "texture": "#9"},
				"down": {"uv": [9, 0, 5, 1], "texture": "#9"}
			}
		},
		{
			"name": "right_2",
			"from": [9, 2, 16],
			"to": [13, 3, 17],
			"rotation": {"angle": 0, "axis": "y", "origin": [8, 2.60902, 19.95502]},
			"faces": {
				"north": {"uv": [1, 1, 5, 2], "texture": "#9"},
				"east": {"uv": [0, 0, 4, 4], "texture": "#9"},
				"south": {"uv": [0, 0, 16, 4], "texture": "#9"},
				"west": {"uv": [5, 1, 6, 2], "texture": "#9"},
				"up": {"uv": [5, 1, 1, 0], "texture": "#9"},
				"down": {"uv": [9, 0, 5, 1], "texture": "#9"}
			}
		},
		{
			"name": "stripe_1",
			"from": [7, 0, 16.5],
			"to": [9, 2, 17.5],
			"rotation": {"angle": 0, "axis": "y", "origin": [8, 2.60902, 19.95502]},
			"faces": {
				"north": {"uv": [1, 1, 3, 3], "texture": "#20"},
				"east": {"uv": [0, 1, 1, 3], "texture": "#20"},
				"south": {"uv": [0, 0, 8, 8], "texture": "#20"},
				"west": {"uv": [3, 1, 4, 3], "texture": "#20"},
				"up": {"uv": [3, 1, 1, 0], "texture": "#20"},
				"down": {"uv": [5, 0, 3, 1], "texture": "#20"}
			}
		},
		{
			"name": "left_1",
			"from": [3, 0, 16.5],
			"to": [7, 2, 17.5],
			"rotation": {"angle": 0, "axis": "y", "origin": [8, 2.60902, 19.95502]},
			"faces": {
				"north": {"uv": [1, 1, 5, 3], "texture": "#9"},
				"east": {"uv": [0, 1, 1, 3], "texture": "#9"},
				"south": {"uv": [0, 0, 16, 8], "texture": "#9"},
				"west": {"uv": [0, 0, 4, 8], "texture": "#9"},
				"up": {"uv": [5, 1, 1, 0], "texture": "#9"},
				"down": {"uv": [9, 0, 5, 1], "texture": "#9"}
			}
		},
		{
			"name": "right_1",
			"from": [9, 0, 16.5],
			"to": [13, 2, 17.5],
			"rotation": {"angle": 0, "axis": "y", "origin": [8, 2.60902, 19.95502]},
			"faces": {
				"north": {"uv": [1, 1, 5, 3], "texture": "#9"},
				"east": {"uv": [0, 0, 4, 8], "texture": "#9"},
				"south": {"uv": [0, 0, 16, 8], "texture": "#9"},
				"west": {"uv": [5, 1, 6, 3], "texture": "#9"},
				"up": {"uv": [5, 1, 1, 0], "texture": "#9"},
				"down": {"uv": [9, 0, 5, 1], "texture": "#9"}
			}
		},
		{
			"name": "left_side",
			"from": [3.75, 3, 4.75],
			"to": [4.25, 6, 5.25],
			"rotation": {"angle": 22.5, "axis": "x", "origin": [4.25, 4.9142, 5.29289]},
			"faces": {
				"north": {"uv": [0, 0, 2, 15], "texture": "#9"},
				"east": {"uv": [0, 0, 2, 15], "texture": "#9"},
				"south": {"uv": [0, 0, 2, 15], "texture": "#9"},
				"west": {"uv": [0, 1, 2, 16], "texture": "#9"},
				"up": {"uv": [0, 0, 2, 2], "texture": "#9"},
				"down": {"uv": [1, 1, 3, 3], "texture": "#9"}
			}
		},
		{
			"name": "right_side",
			"from": [11.75, 3, 4.75],
			"to": [12.25, 6, 5.25],
			"rotation": {"angle": 22.5, "axis": "x", "origin": [4.25, 4.9142, 5.29289]},
			"faces": {
				"north": {"uv": [0, 0, 2, 15], "texture": "#9"},
				"east": {"uv": [0, 0, 2, 15], "texture": "#9"},
				"south": {"uv": [0, 0, 2, 15], "texture": "#9"},
				"west": {"uv": [0, 0, 2, 15], "texture": "#9"},
				"up": {"uv": [0, 0, 2, 2], "texture": "#9"},
				"down": {"uv": [0, 0, 2, 2], "texture": "#9"}
			}
		},
		{
			"name": "glass",
			"from": [4, 3, 5],
			"to": [12, 6, 5.4],
			"rotation": {"angle": 22.5, "axis": "x", "origin": [8, 5.5, 5.2]},
			"faces": {
				"north": {"uv": [0, 0, 16, 9], "texture": "#11"},
				"east": {"uv": [14, 1, 15, 4], "texture": "#11"},
				"south": {"uv": [0, 0, 16, 9], "texture": "#11"},
				"west": {"uv": [14, 1, 15, 4], "texture": "#11"},
				"up": {"uv": [16, 0, 0, 1], "texture": "#11"},
				"down": {"uv": [16, 0, 0, 1], "texture": "#11"}
			}
		},
		{
			"name": "pivot_point",
			"from": [7.75, 2.46707, 5.3295],
			"to": [8.25, 4.46707, 5.8295],
			"rotation": {"angle": 45, "axis": "x", "origin": [8, 3.46707, 5.5795]},
			"faces": {
				"north": {"uv": [0, 0, 5, 15], "texture": "#6"},
				"east": {"uv": [11, 0, 16, 15], "texture": "#6"},
				"south": {"uv": [0, 0, 5, 15], "texture": "#6"},
				"west": {"uv": [11, 0, 16, 15], "texture": "#6"},
				"up": {"uv": [2, 3, 7, 8], "texture": "#6"},
				"down": {"uv": [8, 5, 13, 10], "texture": "#6"}
			}
		},
		{
			"name": "center",
			"from": [7.75, 4.46707, 4.3295],
			"to": [8.25, 4.96707, 5.8295],
			"rotation": {"angle": 45, "axis": "x", "origin": [8, 3.46707, 5.5795]},
			"faces": {
				"north": {"uv": [1, 3, 6, 8], "texture": "#6"},
				"east": {"uv": [1, 6, 16, 11], "texture": "#6"},
				"south": {"uv": [7, 6, 12, 11], "texture": "#6"},
				"west": {"uv": [0, 6, 15, 11], "texture": "#6"},
				"up": {"uv": [6, 16, 11, 1], "texture": "#6"},
				"down": {"uv": [6, 1, 11, 16], "texture": "#6"}
			}
		},
		{
			"name": "left",
			"from": [6.25, 4.46707, 4.3295],
			"to": [7.75, 4.96707, 4.8295],
			"rotation": {"angle": 45, "axis": "x", "origin": [8, 3.46707, 5.5795]},
			"faces": {
				"north": {"uv": [0, 0, 15, 5], "texture": "#6"},
				"east": {"uv": [8, 6, 13, 11], "texture": "#6"},
				"south": {"uv": [1, 11, 16, 16], "texture": "#6"},
				"west": {"uv": [7, 3, 12, 8], "texture": "#6"},
				"up": {"uv": [15, 0, 0, 5], "texture": "#6"},
				"down": {"uv": [15, 0, 0, 5], "texture": "#6"}
			}
		},
		{
			"name": "left_handle",
			"from": [6, 4.46707, 4.3295],
			"to": [6.5, 4.96707, 5.8295],
			"rotation": {"angle": 45, "axis": "x", "origin": [8, 3.46707, 5.5795]},
			"faces": {
				"north": {"uv": [7, 3, 12, 8], "texture": "#6"},
				"east": {"uv": [1, 11, 16, 16], "texture": "#6"},
				"south": {"uv": [7, 3, 12, 8], "texture": "#6"},
				"west": {"uv": [0, 0, 15, 5], "texture": "#6"},
				"up": {"uv": [0, 16, 5, 1], "texture": "#6"},
				"down": {"uv": [11, 1, 16, 16], "texture": "#6"}
			}
		},
		{
			"name": "right",
			"from": [8.25, 4.46707, 4.3295],
			"to": [9.75, 4.96707, 4.8295],
			"rotation": {"angle": 45, "axis": "x", "origin": [8, 3.46707, 5.5795]},
			"faces": {
				"north": {"uv": [1, 0, 16, 5], "texture": "#6"},
				"east": {"uv": [7, 3, 12, 8], "texture": "#6"},
				"south": {"uv": [0, 11, 15, 16], "texture": "#6"},
				"west": {"uv": [7, 3, 12, 8], "texture": "#6"},
				"up": {"uv": [16, 0, 1, 5], "texture": "#6"},
				"down": {"uv": [16, 0, 1, 5], "texture": "#6"}
			}
		},
		{
			"name": "right_handle",
			"from": [9.5, 4.46707, 4.3295],
			"to": [10, 4.96707, 5.8295],
			"rotation": {"angle": 45, "axis": "x", "origin": [8, 3.46707, 5.5795]},
			"faces": {
				"north": {"uv": [7, 3, 12, 8], "texture": "#6"},
				"east": {"uv": [1, 0, 16, 5], "texture": "#6"},
				"south": {"uv": [8, 3, 13, 8], "texture": "#6"},
				"west": {"uv": [0, 11, 15, 16], "texture": "#6"},
				"up": {"uv": [11, 16, 16, 1], "texture": "#6"},
				"down": {"uv": [0, 1, 5, 16], "texture": "#6"}
			}
		},
		{
			"name": "gas_pedal",
			"from": [8.5, 2, 4.5],
			"to": [9.5, 4, 4.7],
			"rotation": {"angle": -45, "axis": "x", "origin": [5.5, 4, 5.1]},
			"faces": {
				"north": {"uv": [0, 0, 1, 2], "texture": "#1"},
				"east": {"uv": [0, 0, 0, 2], "texture": "#1"},
				"south": {"uv": [0, 0, 9, 16], "texture": "#1"},
				"west": {"uv": [1, 0, 1, 2], "texture": "#1"},
				"up": {"uv": [1, 0, 0, 0], "texture": "#1", "cullface": "west"},
				"down": {"uv": [2, 0, 1, 0], "texture": "#1"}
			}
		},
		{
			"name": "brake_pedal",
			"from": [6.25, 2, 4.5],
			"to": [7.75, 3, 4.7],
			"rotation": {"angle": -45, "axis": "x", "origin": [5.5, 4, 5.1]},
			"faces": {
				"north": {"uv": [0, 0, 1, 1], "texture": "#1"},
				"east": {"uv": [0, 0, 0, 1], "texture": "#1"},
				"south": {"uv": [0, 0, 15, 11], "texture": "#1"},
				"west": {"uv": [1, 0, 1, 1], "texture": "#1"},
				"up": {"uv": [1, 0, 0, 0], "texture": "#1", "cullface": "west"},
				"down": {"uv": [2, 0, 1, 0], "texture": "#1"}
			}
		}
	],
	"display": {
		"thirdperson_righthand": {
			"translation": [0, 2.5, 0],
			"scale": [0.4, 0.4, 0.4]
		},
		"thirdperson_lefthand": {
			"translation": [0, 2.5, 0],
			"scale": [0.4, 0.4, 0.4]
		},
		"firstperson_righthand": {
			"translation": [0, 2.5, 0],
			"scale": [0.4, 0.4, 0.4]
		},
		"firstperson_lefthand": {
			"translation": [0, 2.5, 0],
			"scale": [0.4, 0.4, 0.4]
		},
		"ground": {
			"scale": [0.5, 0.5, 0.5]
		},
		"gui": {
			"rotation": [25, 135, 0],
			"translation": [0, 2.5, 0],
			"scale": [0.75, 0.75, 0.75]
		},
		"head": {
			"translation": [0, -6.25, -2.75],
			"scale": [4, 4, 4]
		},
		"fixed": {
			"rotation": [0, 90, 0],
			"translation": [0, 2.5, 0],
			"scale": [0.75, 0.75, 0.75]
		}
	},
	"groups": [0, 1, 2,
		{
			"name": "left_side",
			"origin": [4.5, 1.5, 8],
			"color": 0,
			"children": [3, 4, 5, 6]
		},
		{
			"name": "right_side",
			"origin": [4.5, 1.5, 8],
			"color": 0,
			"children": [7, 8, 9, 10]
		},
		{
			"name": "front",
			"origin": [8, 8, 8],
			"color": 0,
			"children": [11, 12, 13, 14, 15, 16, 17, 18, 19, 20, 21, 22, 23, 24]
		},
		{
			"name": "front_wheels",
			"origin": [3.5, 1, 2.5],
			"color": 0,
			"children": [25, 26,
				{
					"name": "left_wheel",
					"origin": [3.5, 1, 2.5],
					"color": 0,
					"children": [27, 28, 29, 30]
				},
				{
					"name": "right_wheel",
					"origin": [3.5, 1, 2.5],
					"color": 0,
					"children": [31, 32, 33, 34]
				}
			]
		},
		{
			"name": "back_wheels",
			"origin": [3.5, 1, 2.5],
			"color": 0,
			"children": [35, 36,
				{
					"name": "left_wheel",
					"origin": [3.5, 1, 2.5],
					"color": 0,
					"children": [37, 38, 39, 40]
				},
				{
					"name": "right_wheel",
					"origin": [3.5, 1, 2.5],
					"color": 0,
					"children": [41, 42, 43, 44]
				}
			]
		},
		{
			"name": "back",
			"origin": [8, 8, 8],
			"color": 0,
			"children": [45, 46, 47, 48, 49, 50, 51, 52, 53, 54, 55, 56, 57, 58, 59, 60, 61, 62]
		},
		{
			"name": "windshield",
			"origin": [8, 8, 8],
			"color": 0,
			"children": [63, 64, 65]
		},
		{
			"name": "steering_wheel",
			"origin": [8, 8, 8],
			"color": 0,
			"children": [66, 67, 68, 69, 70, 71, 72, 73]
		}
	]
}