{
	"powers": [
		"zadori:fall",
		"zadori:bar1",
		"zadori:switch",
		"zadori:fly",
		"zadori:form",
		"zadori:cooldown_bar",
		"zadori:cooldown_bar_down",
		"zadori:power_stop",
		"zadori:mist_aura",
		"zadori:mist_aura1",
		"zadori:maa",
		"zadori:maw",
		"zadori:mac",
		"zadori:tag",
		"zadori:tag2",
		"zadori:debuff",
		"zadori:on",
		"zadori:phasing",
		"zadori:mist_on",
		"zadori:ksb",
		"zadori:ksa",
		"zadori:ks",
		"zadori:fire/fire_bar",
		"zadori:fire/fire_bar_up",
		"zadori:fire/fire_bar_down",
		"zadori:hit",
		"zadori:fire/fire_dmg",
		"zadori:ice/ice_block",
		"zadori:ice/ice",
		"zadori:ice/blue_ice",
		"zadori:ice/packed_ice",
		"zadori:ice/ice_cooldown",
		"zadori:ice/ice_cooldown_down",
		"zadori:comp/comp",
		"zadori:comp/comp_down",
		"zadori:comp/comp_change",
		"zadori:comp/debuffs",
		"zadori:comp/de_change",
		"zadori:comp/debuff_change",
		"zadori:comp/debuff_change1",
		"zadori:comp/debuff_change2",
		"zadori:comp/debuff_change3",
		"zadori:undead"
	],
	"icon": "minecraft:charcoal",
	"order": 10,
	"impact": 2,
	"name": "Cursed Mist",
	"description": "A human cursed with the ability to turn their body into pure black mist..."
}
